id,first_name,last_name,email,cc_type,cc_number,purchase_dept,purchase_amount,address,zipcode,state,prod_name,purchase_data
1,Leighton,Pavelka,lpavelka0@time.com,solo,633492725057411162,Garden,89.99,63 Columbus Parkway,80126,CO,Electric Pressure Cooker,3/9/2026
2,Gan,Quilligan,gquilligan1@about.me,visa,4041597961507,Music,14.99,1809 John Wall Lane,30066,GA,Winter Knit Beanie,10/8/2025
3,Rab,Pigden,rpigden2@tiny.cc,china-unionpay,5610339921874103575,Clothing,8.49,43199 Delaware Alley,10633,NY,Honey Garlic Shrimp,4/23/2026
4,Eugen,Redmain,eredmain3@msn.com,mastercard,5100141526866850,Music,3.99,1 Longview Way,63143,MO,Orange Ginger Vinaigrette,4/18/2026
5,Andre,Cavy,acavy4@columbia.edu,switch,564182519946553876,Garden,159.99,72 Prentice Center,75353,TX,Telescope,12/2/2025
6,Camille,Palister,cpalister5@simplemachines.org,diners-club-international,36025787634406,Movies,3.99,5 Laurel Terrace,78759,TX,Italian Herb Balsamic Marinade,1/18/2026
7,Revkah,Cartner,rcartner6@paypal.com,visa,4017951463198793,Sports,3.29,34 Longview Road,80045,CO,Traditional Hummus,2/28/2026
8,Wilow,Sankey,wsankey7@businessweek.com,diners-club-us-ca,5422809862037911,Industrial,39.99,18 Loomis Hill,47306,IN,Athletic Compression Tights,4/30/2026
9,Sheffy,Brabender,sbrabender8@europa.eu,visa,4041598196616,Shoes,1.49,99 Farwell Place,16565,PA,Fresh Cilantro,10/11/2025
10,Darnell,Asple,dasple9@ted.com,switch,4903918700972783481,Books,4.79,0984 Forster Road,75236,TX,Caraway Rye Bread,9/17/2025
11,Tedra,Strowlger,tstrowlgera@parallels.com,china-unionpay,5602249581229832,Health,1.29,839 Sundown Circle,07544,NJ,Tomato Paste,2/23/2026
12,Alethea,Guerriero,aguerrierob@cbslocal.com,instapayment,6392067601220561,Industrial,29.99,46 Warner Junction,67220,KS,Set of Silicone Cooking Utensils,5/9/2026
13,Fayth,Altamirano,faltamiranoc@reference.com,jcb,3541387917287394,Computers,3.49,5 Old Gate Lane,45243,OH,Honeycrisp Apple Chips,9/12/2025
14,Osborn,Spacie,ospacied@go.com,visa,4677984384926,Books,3.49,6 Kingsford Alley,75246,TX,BBQ Sauce,11/2/2025
15,Boris,Castelain,bcastelaine@lycos.com,bankcard,5602257650330910,Electronics,19.99,8 Welch Plaza,33710,FL,Salt and Pepper Grinder Set,10/23/2025
16,Peggie,Stadding,pstaddingf@photobucket.com,maestro,0604448440125379476,Toys,39.99,4 Loomis Trail,14210,NY,Ceramic Non-Stick Frying Pan,7/30/2026
17,Lorant,Riordan,lriordang@cornell.edu,diners-club-international,36453869863737,Electronics,15.99,79227 Colorado Place,90087,CA,Sports Bottle,5/5/2026
18,Loy,Lashmore,llashmoreh@google.com.br,mastercard,5002358281919869,Health,12.99,61125 Michigan Park,92640,CA,Wireless Earbuds Case,8/30/2026
19,Johnna,Ferriere,jferrierei@tmall.com,bankcard,5602230455147730,Clothing,5.29,66 Ridge Oak Crossing,10004,NY,Blackberry Compote,9/17/2025
20,Cameron,Schild,cschildj@utexas.edu,switch,4905159703895006009,Outdoors,19.99,8710 Warner Parkway,94263,CA,Kids' Dinosaur-Themed Lunchbox,11/19/2025
21,Fidel,Tassell,ftassellk@fc2.com,diners-club-international,36221742082795,Grocery,14.99,15 Arizona Trail,55564,MN,Pet Safety Belt for Car,4/15/2026
22,Nadeen,Dipple,ndipplel@apache.org,diners-club-us-ca,5470595790462815,Baby,24.99,231 Westport Place,30343,GA,Pet Food Storage Container,6/25/2026
23,Eveleen,Worsnap,eworsnapm@gizmodo.com,mastercard,5100179123844805,Toys,44.99,78 Scofield Road,92519,CA,Elegant Maxi Skirt,8/20/2026
24,Gusti,Quinn,gquinnn@ebay.com,solo,6767678409265793,Outdoors,9.99,8 Porter Crossing,76147,TX,Whole Roasted Chicken,9/16/2025
25,Thorvald,Flory,tfloryo@wikispaces.com,solo,6334887148734597,Movies,2.99,42 Orin Road,23324,VA,Basil Lemonade,8/6/2026
26,Vickie,Sagar,vsagarp@umn.edu,diners-club-international,36081527177784,Toys,3.99,9 Dakota Lane,19196,PA,Pesto Pasta Sauce,7/11/2026
27,Christy,Pollen,cpollenq@google.com.br,diners-club-international,36229402899564,Baby,5.49,2314 Rieder Circle,28210,NC,Sweet Potato & Kale Hash,4/27/2026
28,Iain,Ricciardo,iricciardor@dedecms.com,switch,633110556198569853,Industrial,24.99,15568 8th Trail,06673,CT,Athletic Sports Bra,4/24/2026
29,Pail,De Dantesie,pdedantesies@ed.gov,visa,4017956922553850,Clothing,2.29,767 Merchant Pass,32225,FL,Rice Pudding,5/27/2026
30,Barbey,Doughtery,bdoughteryt@buzzfeed.com,instapayment,6397984162396538,Games,19.99,41950 Eastlawn Drive,20268,DC,Multi-Purpose Marine Rope,1/19/2026
31,Jessalin,Iveagh,jiveaghu@usgs.gov,china-unionpay,5610291392839438488,Beauty,69.99,65312 Lakeland Point,12262,NY,Portable Hammock with Stand,9/16/2025
32,Gabriellia,Kerswell,gkerswellv@state.gov,mastercard,5407209947652009,Toys,89.99,32367 Thierer Way,22234,VA,Adjustable Height Standing Desk Converter,7/19/2026
33,Freeland,Jamot,fjamotw@icq.com,americanexpress,374288865526056,Garden,12.99,2153 Merry Center,73147,OK,Bamboo Charcoal Air Purifier Bags,6/23/2026
34,Annabela,Creamer,acreamerx@123-reg.co.uk,china-unionpay,5602211837397941061,Industrial,3.29,72946 Hauk Park,64101,MO,Turmeric Ginger Tea,1/31/2026
35,Nicky,Revie,nreviey@acquirethisname.com,diners-club-enroute,201776984867798,Computers,89.99,60562 Moulton Place,79769,TX,Instant Pot,8/31/2026
36,Erwin,Hawkett,ehawkettz@apple.com,diners-club-international,36168052272757,Books,49.99,70063 Ruskin Drive,67215,KS,Air Mattress,6/1/2026
37,Anthony,Hostan,ahostan10@newsvine.com,visa,4017956901624201,Grocery,39.99,69 Westerfield Drive,93591,CA,Handmade Leather Journal,7/19/2026
38,Charmain,Everil,ceveril11@jiathis.com,diners-club-us-ca,5484838086450746,Computers,5.49,14 Holmberg Junction,76305,TX,Frozen Berry Medley,2/2/2026
39,Melisenda,Lebell,mlebell12@fastcompany.com,maestro,630401585727842584,Toys,58.99,60 Carpenter Point,66205,KS,Kids' Art Easel,3/9/2026
40,Bart,Mobberley,bmobberley13@feedburner.com,americanexpress,374622316417368,Kids,9.99,42 Kim Plaza,46867,IN,Coconut Curry Chicken,5/16/2026
41,Mechelle,Kear,mkear14@google.co.uk,instapayment,6389794553336518,Kids,4.99,26 Bluestem Court,65218,MO,Pumpkin Ice Cream,8/9/2026
42,Trula,Crippes,tcrippes15@columbia.edu,diners-club-enroute,201957419748825,Baby,3.99,18126 Brickson Park Circle,94159,CA,Vegan Caesar Dressing,7/24/2026
43,Star,Giovannacc@i,sgiovannacci16@list-manage.com,instapayment,6390390967902826,Jewelry,14.99,837 Dunning Park,79159,TX,Smoked Salmon,10/19/2025
44,Christos,Dundredge,cdundredge17@delicious.com,bankcard,5602210573587702,Movies,59.99,41 Duke Center,06160,CT,Two-Tone Windbreaker,6/30/2026
45,Tonya,Naptin,tnaptin18@bluehost.com,solo,6767532622005991225,Grocery,49.99,5 Old Shore Place,31136,GA,Folding Backpack Chair,4/22/2026
46,Reidar,Josse,rjosse19@msn.com,solo,6767115116694545397,Computers,3.99,6 Pepper Wood Trail,33111,FL,Chocolate Chip Energy Balls,3/14/2026
47,Valentino,Tichelaar,vtichelaar1a@ning.com,americanexpress,374288807081376,Jewelry,49.99,85 Texas Pass,90840,CA,Floral Wrap Top,3/15/2026
48,Efrem,Ferri,eferri1b@mashable.com,diners-club-international,36863304700031,Games,3.49,97 Knutson Center,44105,OH,Ginger Turmeric Tea,1/9/2026
49,Temp,Bartolic,tbartolic1c@cbsnews.com,diners-club-enroute,201875738235474,Industrial,19.99,058 Eggendart Drive,95405,CA,Electric Milk Frother,2/4/2026
50,Mariejeanne,Hillum,mhillum1d@ihg.com,jcb,3538958579151188,Books,49.99,63 Morrow Hill,77025,TX,Wireless Wi-Fi Extender,2/18/2026
51,Berkie,Naisbitt,bnaisbitt1e@mozilla.org,diners-club-international,36393592118431,Home,79.99,416 Service Terrace,58207,ND,Portable Bluetooth Headphones,5/7/2026
52,Sam,Strivens,sstrivens1f@nytimes.com,visa,4041599885134,Electronics,99.99,0160 Logan Lane,34233,FL,Puffer Winter Coat,9/19/2025
53,Oralia,Itchingham,oitchingham1g@earthlink.net,diners-club-enroute,201572631125957,Home,3.99,17 Nelson Terrace,74170,OK,Buttermilk Pancakes,9/17/2025
54,Obediah,Roddie,oroddie1h@engadget.com,mastercard,5108754184633248,Baby,79.99,0382 Duke Circle,77080,TX,Digital Drawing Tablet,6/3/2026
55,Filippa,Gibbin,fgibbin1i@biblegateway.com,mastercard,5100132391435160,Books,3.79,74599 Algoma Trail,21275,MD,Caribbean Jerk Marinade,1/3/2026
56,Vivianne,Mackstead,vmackstead1j@nature.com,diners-club-international,36482724636137,Sports,1.99,969 Glendale Circle,10275,NY,Fresh Basil,3/19/2026
57,Noella,Scyone,nscyone1k@aboutads.info,jcb,3589890891996602,Beauty,1.99,7558 Atwood Place,38136,TN,Sesame Seeds,6/21/2026
58,Nerita,Tickle,ntickle1l@wp.com,bankcard,5602222748415644,Industrial,35.99,454 Atwood Street,45403,OH,Educational STEM Kit,5/8/2026
59,Keefe,Ellins,kellins1m@blogger.com,diners-club-international,36388058937878,Games,1.89,9 Westridge Junction,77060,TX,Canned Coconut Milk,1/25/2026
60,Ambrosio,Mewrcik,amewrcik1n@ox.ac.uk,diners-club-enroute,201547353327122,Tools,59.99,4761 Eagan Park,46278,IN,Mini Indoor Hydroponic Garden,1/6/2026
61,Lindy,Thomasset,lthomasset1o@51.la,china-unionpay,56022540307832163,Books,19.99,5749 Corry Circle,45228,OH,Cable Knit Beanie,12/28/2025
62,Marna,Frizell,mfrizell1p@google.cn,visa,4242337218679146,Books,19.99,94 Lyons Place,36605,AL,Graphic Tee,9/19/2025
63,Hermione,Polycote,hpolycote1q@seattletimes.com,instapayment,6372243308290256,Grocery,5.49,4 Coleman Street,08608,NJ,Raspberry Tart,1/8/2026
64,Carolan,Paterson,cpaterson1r@skype.com,instapayment,6398760821292832,Shoes,6.29,7 Tony Avenue,37240,TN,Grilled Veggie Burgers,6/27/2026
65,Lorilee,Vasenin,lvasenin1s@youku.com,china-unionpay,56022317421184759,Beauty,29.99,1 Carberry Crossing,45440,OH,Relaxed Fit Henley Shirt,6/5/2026
66,Kaia,Fateley,kfateley1t@ning.com,china-unionpay,560225870503539114,Sports,39.99,5 Maryland Terrace,43666,OH,Smart LED Desk Lamp,7/5/2026
67,Dore,Mitchely,dmitchely1u@dailymotion.com,solo,633422533215330299,Computers,2.99,6783 Moose Lane,10004,NY,Ready-to-Eat Chili,5/5/2026
68,Cristie,Dimanche,cdimanche1v@google.pl,americanexpress,342545492991956,Movies,79.99,2 Paget Pass,29203,SC,Weighted Blanket,5/31/2026
69,Eziechiele,Poon,epoon1w@google.com,americanexpress,374283267424794,Clothing,22.99,0762 Stang Center,55127,MN,Coconut Bowls Set,12/20/2025
70,Yehudi,Padbury,ypadbury1x@symantec.com,switch,4936347356254557340,Movies,24.99,1 Brown Court,34985,FL,Bluetooth Car Adapter,11/7/2025
71,Neddy,Seckom,nseckom1y@163.com,mastercard,5010121517050770,Beauty,34.99,7 Clemons Point,75342,TX,Glass Tea Pot,3/20/2026
72,Ab,MacKessock,amackessock1z@cyberchimps.com,diners-club-enroute,201724574633634,Electronics,39.99,919 Goodland Lane,74133,OK,Waffle Maker,9/12/2025
73,Rosemary,Addess,raddess20@arizona.edu,americanexpress,374622538596700,Shoes,24.99,040 Forster Avenue,40515,KY,Wall Decals for Kids,3/13/2026
74,Ilaire,Cartin,icartin21@techcrunch.com,diners-club-enroute,201852716437216,Beauty,5.99,12163 Logan Way,89505,NV,Almond Quinoa Salad,9/4/2025
75,Michail,Bratley,mbratley22@webnode.com,mastercard,5048375756699772,Music,6.99,79659 Crowley Center,39210,MS,Vegetable Stir-Fry Kit,8/25/2026
76,Brett,Loughney,bloughney23@blogger.com,jcb,3530758212135046,Computers,3.99,0 Ronald Regan Crossing,32412,FL,Vegetable Fried Rice Mix,3/4/2026
77,Thaxter,Iston,tiston24@dyndns.org,switch,4905444607475932317,Outdoors,1.99,262 Columbus Alley,33169,FL,Sweet Potatoes (organic),12/24/2025
78,Kelvin,Haizelden,khaizelden25@istockphoto.com,mastercard,5002359042139821,Grocery,4.99,4 Summit Alley,32825,FL,Frozen Berry Blend,11/26/2025
79,Griffith,Hawgood,ghawgood26@csmonitor.com,instapayment,6391466829589321,Baby,14.99,78316 Grover Street,35220,AL,Adjustable Yoga Mat Strap,1/8/2026
80,Chadd,Gynne,cgynne27@bbc.co.uk,visa,4041593106966,Sports,3.49,4217 Esker Trail,99252,WA,Miso Dressing,7/1/2026
81,Larine,Girvin,lgirvin28@cbc.ca,diners-club-enroute,201933856169452,Grocery,3.49,306 John Wall Point,23504,VA,Rice Noodles,5/21/2026
82,Caroline,Salzen,csalzen29@w3.org,instapayment,6379352831027367,Music,4.29,64 Sullivan Lane,75392,TX,Maple Cinnamon Granola,7/29/2026
83,Welbie,Bocken,wbocken2a@devhub.com,jcb,3554077258033267,Jewelry,49.99,836 Spohn Pass,92410,CA,Car Diagnostic Scanner,12/6/2025
84,Pammie,Woakes,pwoakes2b@phoca.cz,visa,4041378648076167,Baby,129.99,31 Badeau Circle,44505,OH,Faux Fur Coat,5/1/2026
85,Tiffi,Meininking,tmeininking2c@huffingtonpost.com,diners-club-enroute,201484949097185,Toys,34.99,418 Loomis Terrace,94137,CA,Outdoor Camping Lantern,8/20/2026
86,Malory,Lettley,mlettley2d@businessinsider.com,americanexpress,374622602404781,Outdoors,22.99,23 Annamark Street,20099,DC,Digital Food Scale,4/28/2026
87,Alexis,Muck,amuck2e@google.ru,switch,4905574626822508,Jewelry,9.99,293 Hayes Hill,93794,CA,Pet Grooming Gloves,1/22/2026
88,Darline,Laker,dlaker2f@paginegialle.it,solo,6334965247580457,Electronics,6.99,5874 Prentice Alley,32225,FL,Chicken Sausage,8/7/2026
89,Muhammad,McGuckin,mmcguckin2g@sciencedaily.com,solo,6767038951556130993,Kids,24.99,0 Valley Edge Pass,33467,FL,Pet Food Storage Container,7/30/2026
90,Norbert,Zeale,nzeale2h@creativecommons.org,china-unionpay,56022512304580285,Industrial,5.99,5 Maple Wood Plaza,73129,OK,Dog Training Clicker,9/20/2025
91,Sally,Woodcroft,swoodcroft2i@icq.com,maestro,6304826713870994,Kids,79.99,0254 Bobwhite Terrace,48242,MI,Camping Tent,9/27/2025
92,Denise,Garnall,dgarnall2j@altervista.org,instapayment,6373426430276769,Jewelry,5.79,76269 Jenna Drive,06825,CT,Stuffed Grape Leaves,2/24/2026
93,Gunilla,Stiddard,gstiddard2k@yellowbook.com,switch,6333105389103690,Health,24.99,37625 Cascade Court,11231,NY,Wall Decals for Kids,5/10/2026
94,Jacobo,Leahair,jleahair2l@flickr.com,switch,4936990716610245221,Electronics,2.29,1 Washington Center,06510,CT,Tuna Fish (canned),10/11/2025
95,Francklyn,Brian,fbrian2m@spiegel.de,jcb,3569352377353745,Books,9.99,73 Milwaukee Court,91109,CA,Grass Fed Beef Patties,10/22/2025
96,Kyle,Shimoni,kshimoni2n@foxnews.com,diners-club-international,36157037881782,Movies,34.99,4942 Northland Circle,64136,MO,Bamboo Memory Foam Pillow,2/28/2026
97,Stanton,Briars,sbriars2o@nps.gov,diners-club-enroute,201592846356262,Automotive,29.99,0 Northwestern Pass,91616,CA,Smartphone Photography Ring Light,5/5/2026
98,Trefor,Penhalurick,tpenhalurick2p@usnews.com,switch,4903060200344578707,Garden,2.29,6 Kinsman Court,19115,PA,Cheddar Cheese Crackers,7/11/2026
99,Randell,Doyley,rdoyley2q@rakuten.co.jp,diners-club-enroute,201779645384237,Tools,5.99,7 Columbus Avenue,47306,IN,Pet Training Clicker,5/12/2026
100,Phebe,Jezard,pjezard2r@discuz.net,instapayment,6399543583889485,Tools,3.99,30 Upham Circle,23705,VA,Buffalo Wing Sauce,6/30/2026
101,Lenard,Goretti,lgoretti2s@wikimedia.org,solo,6767073804274683,Sports,49.99,389 Kennedy Place,88584,TX,Backpack,9/6/2025
102,Modestia,Measor,mmeasor2t@last.fm,visa,4462433440904,Games,4.29,5 Caliangt Place,30328,GA,Mango Chili Salsa,1/30/2026
103,Forester,Goreisr,fgoreisr2u@cocolog-nifty.com,diners-club-international,36819862616373,Jewelry,8.99,3 Mayfield Plaza,33142,FL,Veggie Lovers Pizza,2/27/2026
104,Kerwinn,Bomb,kbomb2v@livejournal.com,bankcard,5602223484097166,Sports,3.29,56621 Golf Course Pass,37605,TN,Jalapeño Cornbread,8/14/2026
105,Constantia,Edson,cedson2w@twitter.com,switch,6331105266399074,Computers,29.99,8050 Acker Place,73034,OK,Fleece Lined Leggings,12/8/2025
106,Agatha,Caffrey,acaffrey2x@pcworld.com,maestro,58931551526775394,Kids,24.99,42506 Algoma Place,32964,FL,Herbal Garden Starter Kit,8/25/2026
107,Nickie,Ridolfo,nridolfo2y@imgur.com,americanexpress,374288118843308,Home,49.99,79420 Transport Place,98115,WA,Digital Voice Recorder,1/30/2026
108,Donnie,Matushevitz,dmatushevitz2z@sun.com,china-unionpay,56022102978762680,Health,19.99,61429 Ludington Park,85083,AZ,Reflective Safety Vest,1/19/2026
109,Tansy,Bugdell,tbugdell30@multiply.com,visa,4041594202319,Grocery,15.99,515 Dakota Crossing,92640,CA,Beef Sirloin Steak,8/26/2026
110,Woodie,Thorndale,wthorndale31@wordpress.org,maestro,589382913918849849,Garden,64.99,183 Southridge Drive,29319,SC,Classic Pumps,8/17/2026
111,Dorie,Illston,dillston32@hugedomains.com,mastercard,5010120038588003,Games,39.99,3654 Hagan Court,80291,CO,Electric Rice Cooker,11/10/2025
112,Enrica,Desesquelle,edesesquelle33@nasa.gov,maestro,5018696254828670,Movies,6.99,5 Little Fleur Trail,01105,MA,Basil-infused Olive Oil,9/9/2025
113,Hubert,Mosdell,hmosdell34@youtu.be,diners-club-us-ca,5598822880916907,Grocery,89.99,59 Loftsgordon Way,84170,UT,Smartphone Gimbal Stabilizer,9/26/2025
114,Page,Milnthorpe,pmilnthorpe35@tripadvisor.com,switch,491105803899435145,Garden,89.99,41 Eliot Street,76310,TX,Vacuum Sealer Machine,4/23/2026
115,Prissie,Fonteyne,pfonteyne36@i2i.jp,instapayment,6380306456436227,Outdoors,4.99,79766 Buell Drive,33069,FL,Himalayan Salt Grinder,11/10/2025
116,Daisey,Isack,disack37@hexun.com,mastercard,5451410300934191,Electronics,16.99,658 Morning Court,12237,NY,Animal Paw Print Soap Dispenser,12/24/2025
117,Estelle,Stiven,estiven38@amazon.de,diners-club-international,36580024455601,Garden,0.79,056 Mayfield Place,75205,TX,Zucchini,4/5/2026
118,Octavia,Westerman,owesterman39@etsy.com,diners-club-us-ca,5412813633852394,Electronics,29.99,9735 Green Parkway,32118,FL,Desk Organizer Set,12/30/2025
119,Micheline,Gianninotti,mgianninotti3a@google.cn,bankcard,5610661289400681,Clothing,149.99,40 Hazelcrest Junction,30380,GA,Pet Camera with Treat Dispenser,12/26/2025
120,Kip,Abreheart,kabreheart3b@rakuten.co.jp,diners-club-enroute,201659055678114,Garden,1.99,3 Veith Plaza,20436,DC,Almond Butter Crunch Bar,12/20/2025
121,Inigo,Gascone,igascone3c@google.es,diners-club-enroute,201799243028192,Clothing,19.99,154 Hintze Avenue,93407,CA,Gaming Mousepad,11/2/2025
122,Branden,Maunders,bmaunders3d@pinterest.com,jcb,3559470893205603,Home,9.99,7012 Michigan Parkway,75705,TX,Pet Grooming Gloves,11/18/2025
123,Laural,Bladge,lbladge3e@boston.com,china-unionpay,56022244220471189,Outdoors,5.99,7278 Riverside Junction,60505,IL,Green Smoothie Mix,2/10/2026
124,Brittany,Smalcombe,bsmalcombe3f@fema.gov,diners-club-international,36477255955997,Outdoors,7.49,958 Morning Way,15906,PA,Teriyaki Beef Strips,7/23/2026
125,Clare,Paddefield,cpaddefield3g@tiny.cc,bankcard,5602240459770239,Sports,34.99,9771 Hauk Parkway,89510,NV,Wireless Keyboard and Mouse Combo,5/18/2026
126,Demeter,Watling,dwatling3h@netlog.com,bankcard,5602252964905002,Baby,1.99,1382 Grover Junction,66225,KS,Frozen Mixed Vegetables,10/25/2025
127,Ferguson,Coggill,fcoggill3i@webnode.com,instapayment,6370053518381726,Grocery,29.99,096 Barby Junction,06721,CT,Plant-Based Cookbook,7/27/2026
128,Lorry,Chave,lchave3j@tiny.cc,diners-club-enroute,201820165719202,Jewelry,7.49,1064 New Castle Parkway,19131,PA,Vegan Tacos,7/7/2026
129,Stanfield,Keyho,skeyho3k@hugedomains.com,china-unionpay,5602238267411692160,Industrial,29.99,5515 Eliot Point,20420,DC,Smartphone Photography Tripod,11/29/2025
130,Obediah,Tollet,otollet3l@sourceforge.net,diners-club-international,36010913260938,Kids,5.99,83 Elmside Trail,34210,FL,Chocolate Dipped Fruit,9/8/2025
131,Clarissa,Lawrie,clawrie3m@cornell.edu,jcb,3574456523175028,Grocery,4.99,68747 Northview Court,15250,PA,Blueberry Chia Jam,11/17/2025
132,Patty,Tacker,ptacker3n@nhs.uk,diners-club-us-ca,5423383213553181,Health,129.99,87552 Transport Avenue,37605,TN,Air Purifier,8/15/2026
133,Edeline,Snodden,esnodden3o@addtoany.com,americanexpress,374283601585573,Tools,49.99,555 Merchant Road,73167,OK,Handmade Leather Wallet,12/15/2025
134,Frederica,Witten,fwitten3p@tiny.cc,americanexpress,374288896775987,Outdoors,2.99,2985 Sauthoff Parkway,76096,TX,Vegetable Medley,4/9/2026
135,Jimmy,Cooley,jcooley3q@cmu.edu,diners-club-international,36915245652984,Automotive,39.99,56260 Ilene Parkway,14614,NY,USB-C Hub,4/8/2026
136,Sissie,Edrich,sedrich3r@marketwatch.com,solo,633456362311050893,Health,12.99,1189 Gateway Plaza,33913,FL,Non-Slip Yoga Socks,8/13/2026
137,Ferd,Olive,folive3s@bluehost.com,diners-club-us-ca,5528978805967949,Jewelry,8.99,6 Nelson Junction,45296,OH,Frozen Burritos,5/4/2026
138,Jared,Lincey,jlincey3t@domainmarket.com,maestro,6761129618341963,Clothing,99.99,08745 Gerald Crossing,85260,AZ,Electric Food Slicer,10/3/2025
139,Lorrie,Brunsen,lbrunsen3u@comcast.net,mastercard,5167146915297203,Jewelry,8.99,138 Artisan Park,92705,CA,Garlic Butter Shrimp,11/18/2025
140,Genevieve,Wiersma,gwiersma3v@scribd.com,maestro,50204177948940825,Outdoors,29.99,99 East Center,43204,OH,Relaxed Fit Henley Shirt,9/18/2025
141,Ketti,Wallbanks,kwallbanks3w@bigcartel.com,jcb,3554305910652012,Electronics,3.79,66298 Magdeline Circle,30061,GA,Veggie Chips Variety Pack,2/4/2026
142,Stanley,Greyes,sgreyes3x@wordpress.org,solo,6334186743145428,Books,24.99,54 Bay Drive,90020,CA,Wireless Charger,11/2/2025
143,Cleveland,Attrill,cattrill3y@umn.edu,mastercard,5100143302589565,Outdoors,34.99,280 Nevada Trail,12247,NY,Outdoor Mosquito Repellent Lantern,12/3/2025
144,Julee,Filon,jfilon3z@cloudflare.com,americanexpress,374288830090899,Baby,3.99,13073 Dorton Avenue,89087,NV,Caramelized Onion Dip,2/23/2026
145,Melanie,Thiem,mthiem40@tripadvisor.com,diners-club-international,36748541023356,Home,14.99,8 Waywood Parkway,10459,NY,Adjustable Yoga Mat Strap,1/11/2026
146,Zebulen,Spincks,zspincks41@sciencedaily.com,americanexpress,345046369428153,Shoes,24.99,6 Towne Parkway,02905,RI,Digital Meat Thermometer,2/20/2026
147,Elmo,Chipman,echipman42@forbes.com,diners-club-enroute,201706516287066,Computers,79.99,83 Towne Park,79176,TX,Suede Ankle Booties,2/10/2026
148,Florence,Gagin,fgagin43@furl.net,visa,4017952522479075,Beauty,8.99,8512 Shopko Plaza,88525,TX,Honey Mustard Chicken Breasts,7/26/2026
149,Boyce,Grigoryev,bgrigoryev44@a8.net,mastercard,5100174901802653,Kids,3.99,962 Barby Court,78732,TX,Zucchini Noodles,7/23/2026
150,Brant,Surgenor,bsurgenor45@taobao.com,visa,4017955088398,Toys,2.99,970 Marquette Hill,39534,MS,Kettle Corn Popcorn,10/31/2025
151,Clair,Dowles,cdowles46@t.co,solo,633497126028155381,Home,4.99,94 Monterey Plaza,19714,DE,Pistachio Ice Cream,9/3/2025
152,Morie,Benkhe,mbenkhe47@google.cn,diners-club-enroute,201591756064213,Industrial,2.79,2 Superior Junction,15266,PA,Sriracha Chili Sauce,12/31/2025
153,Emmet,Hasson,ehasson48@rambler.ru,visa,4168322450108,Toys,4.99,3 Acker Park,74156,OK,Granola Clusters,4/26/2026
154,Guillemette,Carrett,gcarrett49@addthis.com,diners-club-enroute,201880983372188,Games,3.29,318 Waywood Lane,67215,KS,Canned Sardines,9/6/2025
155,Nessy,Yegorchenkov,nyegorchenkov4a@csmonitor.com,mastercard,5413404189523545,Electronics,99.99,377 Butterfield Lane,59112,MT,Luxury Rolling Makeup Case,9/28/2025
156,Florentia,Hacquoil,fhacquoil4b@samsung.com,switch,6759695617779530,Toys,29.99,0310 3rd Court,80150,CO,LED Under Cabinet Lighting,6/22/2026
157,Cacilie,Duddle,cduddle4c@opensource.org,switch,675926283923492385,Industrial,24.99,84 Hudson Alley,96825,HI,Insulated Lunch Bag,7/14/2026
158,Shepherd,Sandyfirth,ssandyfirth4d@myspace.com,mastercard,5007665892351679,Electronics,1.99,13 Victoria Trail,46239,IN,Sesame Seeds,12/29/2025
159,Kimbell,Pettitt,kpettitt4e@deliciousdays.com,visa,4041378824106,Movies,3.99,66153 5th Road,36205,AL,Coconut Curry Lentil Soup,12/20/2025
160,Brana,MacNeillie,bmacneillie4f@quantcast.com,switch,490558453699383618,Baby,1.49,34231 Spohn Plaza,89012,NV,Cucumber Lime Sparkling Water,6/13/2026
161,Zackariah,Trouncer,ztrouncer4g@cnbc.com,americanexpress,374622666801658,Industrial,24.99,36 Clyde Gallagher Terrace,78044,TX,Fashionable Scarves Set,7/4/2026
162,Garrik,McNeachtain,gmcneachtain4h@ameblo.jp,diners-club-international,36875871406297,Jewelry,4.99,29 Sachs Street,98442,WA,Classic Caesar Salad Kit,9/16/2025
163,Ashley,Cowe,acowe4i@ustream.tv,diners-club-international,36375760789325,Toys,19.99,874 Monterey Drive,98148,WA,Multi-Port USB Hub,4/15/2026
164,Alissa,Keher,akeher4j@prlog.org,switch,4903491221944004273,Shoes,1.89,0 Schmedeman Pass,53785,WI,Canned Coconut Milk,9/13/2025
165,Avivah,Olive,aolive4k@reference.com,americanexpress,370800463664404,Games,69.99,6 Hallows Pass,89166,NV,Denim Jacket,7/7/2026
166,Britte,Guly,bguly4l@nifty.com,maestro,5893018381067315520,Games,3.19,8037 Gateway Terrace,32225,FL,Honey Roasted Peanuts,5/11/2026
167,Murielle,Joliffe,mjoliffe4m@shutterfly.com,bankcard,5602220418197591,Kids,39.99,4001 Miller Road,92710,CA,Dog Car Seat Cover,12/8/2025
168,Carilyn,Utterson,cutterson4n@yellowbook.com,switch,4905749086318805,Garden,3.49,3096 Holmberg Park,20430,DC,Maple Bacon Popcorn,1/21/2026
169,Ferrel,Burel,fburel4o@dailymotion.com,diners-club-us-ca,5543171129112068,Garden,3.49,88204 South Terrace,22156,VA,Salsa,6/24/2026
170,Egor,Braiden,ebraiden4p@mediafire.com,china-unionpay,560222210533017604,Grocery,59.99,366 Laurel Plaza,92612,CA,Satin Slip Dress,11/8/2025
171,Pauline,Ricco,pricco4q@columbia.edu,switch,5641829870124654,Beauty,5.29,67 John Wall Point,16522,PA,Peanut Butter Protein Balls,2/24/2026
172,Raphael,Lawman,rlawman4r@reference.com,americanexpress,374283192673986,Kids,39.99,3 Messerschmidt Point,40586,KY,Eco-Friendly Yoga Mat,5/6/2026
173,Alexis,Firmage,afirmage4s@gizmodo.com,jcb,3555486741648780,Automotive,4.49,04932 Northridge Point,46896,IN,Chocolate Hazelnut Granola,10/28/2025
174,Winona,Moret,wmoret4t@geocities.jp,visa,4997274869948149,Beauty,39.99,816 Hollow Ridge Plaza,10019,NY,Hydration Backpack,12/2/2025
175,Farris,Causley,fcausley4u@1688.com,diners-club-international,36259389462813,Books,4.29,05 Forest Dale Street,94064,CA,Lemon Garlic Marinade,8/24/2026
176,Corabella,Lindermann,clindermann4v@cpanel.net,china-unionpay,5602239948023044408,Industrial,12.99,3 Sutteridge Lane,25321,WV,Non-Slip Yoga Socks,5/21/2026
177,Stillman,Gaspard,sgaspard4w@arizona.edu,americanexpress,372301019232828,Kids,19.99,8989 Mcbride Street,89012,NV,Magnetic Chess Set,7/19/2026
178,Teddi,Stillman,tstillman4x@ovh.net,switch,4905311659312127,Kids,3.5,175 Blackbird Junction,80223,CO,Mediterranean Flatbread,11/23/2025
179,Sascha,Halcro,shalcro4y@mail.ru,solo,633420610389939972,Shoes,19.99,56581 Warner Trail,76705,TX,Microwave Popcorn Maker,6/14/2026
180,Bonita,Goldstein,bgoldstein4z@ted.com,instapayment,6382136639062394,Computers,2.29,59483 Namekagon Junction,92645,CA,Italian Pasta,10/21/2025
181,Chickie,Blumson,cblumson50@guardian.co.uk,china-unionpay,5610351083568427571,Kids,6.49,6572 Meadow Valley Parkway,07104,NJ,Spinach and Ricotta Ravioli,11/24/2025
182,Ethan,Fairbeard,efairbeard51@booking.com,jcb,3573889343367378,Clothing,4.19,50 Jackson Road,25362,WV,Chickpea Pasta,6/7/2026
183,Dorita,Abramin,dabramin52@sina.com.cn,solo,633470313566755100,Sports,1.49,36 Cody Crossing,85725,AZ,White Rice,3/25/2026
184,Julita,Kliemann,jkliemann53@biglobe.ne.jp,switch,4911122035442898360,Garden,3.99,876 Becker Avenue,37914,TN,Free-Range Eggs,2/2/2026
185,Jessika,Lafontaine,jlafontaine54@sohu.com,diners-club-us-ca,5423908823638913,Automotive,2.99,630 Cottonwood Parkway,21203,MD,Buffalo Sauce,7/24/2026
186,Rhett,Tavener,rtavener55@example.com,maestro,67629492003741112,Grocery,2.49,3239 Lunder Lane,25726,WV,Savory Oatmeal,6/24/2026
187,Maren,Shillabear,mshillabear56@ocn.ne.jp,americanexpress,374283541716759,Clothing,24.99,20 Grover Drive,80209,CO,Instant Read Meat Thermometer,7/5/2026
188,Karine,Poyser,kpoyser57@ifeng.com,americanexpress,374283260751615,Industrial,4.49,86 Derek Drive,31422,GA,Pumpkin Waffles,10/11/2025
189,Reece,Goodbairn,rgoodbairn58@com.com,solo,6767870724360086409,Health,2.49,3659 Briar Crest Point,94142,CA,Carrot Sticks,7/8/2026
190,Katharine,Stockman,kstockman59@hugedomains.com,visa,4041595325561340,Home,49.99,1 Northview Pass,62205,IL,Graphic Hoodie,11/8/2025
191,Lenard,Scraney,lscraney5a@desdev.cn,switch,6331107898187000,Baby,79.99,4011 Roth Plaza,92110,CA,Portable Bluetooth Headphones,12/14/2025
192,Alecia,MacAirt,amacairt5b@ycombinator.com,diners-club-international,36877192724200,Electronics,29.99,93 Monica Hill,70505,LA,LED Under Cabinet Lighting,7/23/2026
193,Daniella,Lyddyard,dlyddyard5c@rakuten.co.jp,visa,4362011377009,Outdoors,1.89,5 Mcbride Plaza,45254,OH,Organic Apples,2/7/2026
194,Cornelle,Bettis,cbettis5d@google.com.au,diners-club-international,36079656620475,Electronics,4.99,5 Grover Point,14269,NY,Kale Salad with Lemon Dressing,3/26/2026
195,Avram,Pidgin,apidgin5e@oakley.com,bankcard,5602215708493577,Tools,3.29,68 Prairie Rose Court,36109,AL,Chickpea Flour,2/7/2026
196,Bronnie,Trewin,btrewin5f@un.org,maestro,58930583958570879,Music,3.49,372 Fulton Hill,28410,NC,Brussels Sprouts,7/5/2026
197,Margaretha,Pescod,mpescod5g@seattletimes.com,jcb,3540809554952403,Home,2.99,300 Ridgeway Court,95838,CA,Teriyaki Sauce,10/29/2025
198,Yance,Minister,yminister5h@jigsy.com,jcb,3560755111194788,Movies,5.29,30639 Mendota Plaza,55127,MN,Blackberry Compote,9/30/2025
199,Ginger,Cunnane,gcunnane5i@networkadvertising.org,maestro,50388882234834057,Beauty,149.99,81535 Meadow Vale Center,75379,TX,Outdoor Portable Fire Pit,5/11/2026
200,Korry,Breeton,kbreeton5j@devhub.com,jcb,3586447174067792,Clothing,199.99,9 Hazelcrest Alley,36195,AL,Mobile Workbench,11/10/2025
201,Bryant,Leyman,bleyman5k@drupal.org,mastercard,5249964186513476,Clothing,15.99,3821 Colorado Center,97271,OR,Silicone Baking Mat,1/31/2026
202,Weidar,Kennelly,wkennelly5l@drupal.org,bankcard,5602235181150296,Books,39.99,8 Lighthouse Bay Trail,60435,IL,LED Strip Light Kit,4/28/2026
203,Freddi,McCahey,fmccahey5m@github.io,bankcard,5602249581140435,Sports,4.29,7506 Sachs Drive,20580,DC,Classic Pesto Sauce,6/13/2026
204,Lester,Kerner,lkerner5n@slideshare.net,diners-club-us-ca,5461496093824986,Garden,29.99,99601 Dovetail Drive,61635,IL,Sustainable Wooden Toys,12/9/2025
205,Haleigh,Penny,hpenny5o@wisc.edu,jcb,3586773657576722,Baby,7.49,0106 Hoard Way,92410,CA,Vegan Tacos,2/16/2026
206,Hazlett,Cowup,hcowup5p@latimes.com,mastercard,5100145991108342,Electronics,29.99,36 Fisk Way,78291,TX,Repair Tool Set for Home Improvement,12/7/2025
207,Ebba,Eginton,eeginton5q@webeden.co.uk,bankcard,5602218262438756,Music,14.99,721 Swallow Parkway,59105,MT,Biodegradable Dog Waste Bags,11/1/2025
208,Jeno,Kaplin,jkaplin5r@psu.edu,mastercard,5100174272568537,Toys,5.99,6691 Main Pass,68197,NE,Maple Breakfast Sausage,6/17/2026
209,Shaine,Rorke,srorke5s@lycos.com,visa,4041376425060560,Electronics,19.99,0303 Pepper Wood Court,77844,TX,Watering Can with Nozzle,7/6/2026
210,Terrel,Toomer,ttoomer5t@google.com.au,mastercard,5108751912440359,Automotive,39.99,228 Pearson Terrace,01114,MA,Dog Training Collar,4/10/2026
211,Zollie,MacDavitt,zmacdavitt5u@umich.edu,americanexpress,374288082501437,Shoes,39.99,88004 Ludington Pass,75705,TX,Smart Water Bottle with Hydration Reminder,11/24/2025
212,Wolfy,Shirt,wshirt5v@biglobe.ne.jp,instapayment,6396745824150832,Beauty,4.59,7083 Basil Plaza,36622,AL,Peanut Butter Chocolate Chip Bars,6/29/2026
213,Zelig,Scarratt,zscarratt5w@dailymail.co.uk,mastercard,5100144480089949,Jewelry,34.99,55943 Loeprich Parkway,14276,NY,Garden Tool Set,1/16/2026
214,Wye,Joliffe,wjoliffe5x@google.com.br,diners-club-us-ca,5495279750889660,Shoes,89.99,87 Northland Way,90010,CA,Smartphone Gimbal Stabilizer,8/23/2026
215,Selena,Puttnam,sputtnam5y@dagondesign.com,china-unionpay,5602222039573757869,Music,39.99,1272 Sachs Junction,92717,CA,Insulated Cooler,7/25/2026
216,Pierette,Fantonetti,pfantonetti5z@auda.org.au,mastercard,5356061194914090,Electronics,89.99,99 Brown Terrace,28805,NC,Belted Trench Coat,7/27/2026
217,Lola,Spenceley,lspenceley60@phpbb.com,bankcard,5602218996265269,Tools,10.99,279 Stuart Lane,31132,GA,Teriyaki Chicken Wings,10/24/2025
218,Lanni,Duggen,lduggen61@blogspot.com,maestro,50205731985180940,Home,39.99,99 Riverside Alley,92612,CA,High-Pressure Handheld Shower Head,5/8/2026
219,York,Provost,yprovost62@mapquest.com,diners-club-us-ca,5484652820031476,Automotive,3.79,4383 Clyde Gallagher Way,77055,TX,Veggie Chips Variety Pack,12/30/2025
220,Brenda,Agnolo,bagnolo63@chronoengine.com,jcb,3531046673076100,Movies,3.99,758 Loftsgordon Street,85297,AZ,Italian Herb Balsamic Marinade,9/22/2025
221,Dyna,Hillatt,dhillatt64@gravatar.com,china-unionpay,5610525757877901241,Baby,3.29,9281 Harper Crossing,84130,UT,Tomatillo Salsa,2/9/2026
222,Renault,Aidler,raidler65@hao123.com,diners-club-international,36633158387742,Garden,3.49,9584 Express Alley,15225,PA,Garden Vegetable Chips,1/26/2026
223,Fanchon,Garard,fgarard66@topsy.com,instapayment,6390553909570023,Toys,2.29,9 Mockingbird Road,98687,WA,Rice Pudding,7/29/2026
224,Thomasa,Tanton,ttanton67@wikimedia.org,instapayment,6386070373670029,Shoes,24.99,6 Leroy Street,90060,CA,Insulated Lunch Box,8/10/2026
225,Yanaton,Keyho,ykeyho68@paginegialle.it,jcb,3577562702042108,Health,9.99,85855 Express Road,94975,CA,Microfiber Cleaning Cloths,12/20/2025
226,Harriett,Pavluk,hpavluk69@amazon.com,americanexpress,341811708908965,Outdoors,7.19,74659 Lyons Alley,78778,TX,Dark Chocolate Covered Almonds,8/17/2026
227,Merrick,Methringham,mmethringham6a@princeton.edu,bankcard,5602231088143690,Movies,22.99,72 Thompson Terrace,30245,GA,Pest Control Traps,6/4/2026
228,Christopher,McTague,cmctague6b@trellian.com,diners-club-us-ca,5527693094836553,Clothing,5.49,1693 Melby Crossing,14220,NY,Smoked Gouda Cheese,1/13/2026
229,Reiko,Lowles,rlowles6c@homestead.com,instapayment,6387063633251150,Books,59.99,9188 Ridge Oak Place,66617,KS,Electric Blanket,10/26/2025
230,Noll,Bum,nbum6d@exblog.jp,maestro,060424380363141837,Health,9.99,3 Atwood Terrace,13210,NY,Coconut Curry Chicken,1/14/2026
231,Titos,Walbrook,twalbrook6e@nba.com,bankcard,5602239201294878,Toys,99.99,4424 Paget Plaza,77346,TX,Classic Watch,6/11/2026
232,Ellene,Essame,eessame6f@slideshare.net,jcb,3537991769107745,Books,2.79,041 Petterle Avenue,10155,NY,Sesame Garlic Stir-Fry Sauce,4/4/2026
233,Brice,Veysey,bveysey6g@wired.com,diners-club-international,36833269605525,Home,4.99,197 Carioca Street,22908,VA,Balsamic Vinegar,7/27/2026
234,Matty,Gores,mgores6h@microsoft.com,bankcard,5602255381287508,Home,49.99,81 Katie Crossing,38150,TN,Portable Camping Stove,11/22/2025
235,Antoinette,Aubri,aaubri6i@tuttocitta.it,switch,490347291678423955,Grocery,39.99,10 Hooker Crossing,68524,NE,Portable Campfire,4/16/2026
236,Ignaz,Checo,icheco6j@forbes.com,instapayment,6390770760778046,Health,8.99,15442 John Wall Drive,70616,LA,Organic Coconut Oil,11/8/2025
237,Aldric,Rudsdell,arudsdell6k@exblog.jp,mastercard,5431127424222155,Industrial,49.99,82153 Dixon Plaza,92805,CA,Electric Butter Churn,2/1/2026
238,Bonny,Van Haeften,bvanhaeften6l@so-net.ne.jp,solo,6767365036595839797,Computers,8.99,5284 Thierer Trail,00214,NH,Beef Enchilada Casserole,11/10/2025
239,Matilda,McBeath,mmcbeath6m@yelp.com,china-unionpay,5602219099474618,Home,19.99,98 Pankratz Place,92835,CA,Salt and Pepper Grinder Set,9/5/2025
240,Clary,Ricket,cricket6n@pbs.org,jcb,3542617779162536,Outdoors,59.99,71326 Manufacturers Pass,20062,DC,Digital Thermostat,11/12/2025
241,Row,Watkinson,rwatkinson6o@columbia.edu,jcb,3570547849116052,Baby,39.99,146 Pleasure Street,46202,IN,Spice Rack,9/20/2025
242,Langston,Srawley,lsrawley6p@pcworld.com,diners-club-us-ca,5551177985553807,Beauty,49.99,879 Burning Wood Parkway,31605,GA,Self-Cleaning Water Bottle,6/7/2026
243,Lloyd,Slyde,lslyde6q@wikimedia.org,americanexpress,374283579197252,Garden,19.99,3 Delaware Park,77085,TX,Multifunctional Pocket Tool,11/7/2025
244,Lanie,Tetlow,ltetlow6r@intel.com,switch,4905242818899243,Electronics,29.99,085 Ramsey Street,70124,LA,Under Desk Footrest,5/17/2026
245,Carolina,Lovewell,clovewell6s@huffingtonpost.com,instapayment,6384831377266219,Outdoors,15.49,6688 Derek Park,79116,TX,Smartphone Stand,8/8/2026
246,Dare,Bradwell,dbradwell6t@theatlantic.com,diners-club-enroute,201570915746779,Outdoors,2.99,97979 Parkside Avenue,92844,CA,Peanut Butter Chocolate Clusters,12/29/2025
247,Ibrahim,Tulip,itulip6u@yandex.ru,china-unionpay,561043916536264390,Health,2.99,869 Esker Street,32835,FL,Cheesy Broccoli Soup Mix,8/19/2026
248,Flora,Cuncarr,fcuncarr6v@dailymotion.com,instapayment,6372624490624594,Electronics,2.99,30133 Evergreen Court,78721,TX,Lentils,12/2/2025
249,Ronda,Gainsboro,rgainsboro6w@ebay.com,mastercard,5105776986953667,Games,2.99,17 Quincy Terrace,31132,GA,Eggs (dozen),12/29/2025
250,Elijah,Bench,ebench6x@g.co,diners-club-enroute,201459623650327,Computers,3.49,83 Mendota Terrace,34665,FL,Vegetable Lentil Soup,12/7/2025
251,Harrie,Bowskill,hbowskill6y@pcworld.com,diners-club-international,36225264181448,Industrial,19.99,01 Sachtjen Alley,55585,MN,Basic V-Neck T-Shirt,3/16/2026
252,Daphna,Grimley,dgrimley6z@xinhuanet.com,china-unionpay,56022318114602354,Kids,59.99,79465 Shoshone Point,93094,CA,Stylish Wide-Leg Trousers,12/28/2025
253,Ginelle,Fortye,gfortye70@google.com.au,americanexpress,374622445918401,Beauty,15.99,38 Melby Trail,06120,CT,Fruit Infuser Water Bottle,2/11/2026
254,Bradly,Brandom,bbrandom71@networksolutions.com,americanexpress,374283112157144,Sports,49.99,84770 2nd Parkway,30316,GA,Ski Goggles,10/2/2025
255,Malcolm,Pithcock,mpithcock72@purevolume.com,diners-club-us-ca,5592286281680718,Baby,99.99,16 Mallory Road,74108,OK,Wireless Printer,10/21/2025
256,Jaquenetta,Bewlay,jbewlay73@yandex.ru,diners-club-us-ca,5401346013109336,Tools,5.29,5784 Morningstar Park,74108,OK,Quinoa and Kale Salad Kit,12/17/2025
257,Juliana,Storrie,jstorrie74@wufoo.com,mastercard,5100139304974862,Beauty,12.99,1 Declaration Point,31217,GA,Mesh Laundry Bags Set,1/27/2026
258,Orson,Bycraft,obycraft75@diigo.com,maestro,676159571158493383,Shoes,4.99,67833 Donald Circle,33421,FL,Peanut Butter Granola,4/9/2026
259,Cyndie,Jirus,cjirus76@shareasale.com,jcb,3532495821025775,Industrial,29.99,6511 Blackbird Park,60078,IL,Set of Silicone Cooking Utensils,5/21/2026
260,Kania,Mc Meekan,kmcmeekan77@desdev.cn,diners-club-enroute,201769859136746,Games,4.49,3 Iowa Place,92121,CA,Greek Yogurt Parfait,11/17/2025
261,Gualterio,Worviell,gworviell78@marriott.com,instapayment,6372383259969431,Movies,2.99,7 Holy Cross Park,99220,WA,Chocolate Coconut Protein Balls,4/15/2026
262,Gaile,O'Crigan,gocrigan79@canalblog.com,bankcard,5602259890296745,Sports,89.99,66 Nova Junction,79452,TX,Professional Chef Knife,11/13/2025
263,Reggis,Broodes,rbroodes7a@mashable.com,diners-club-enroute,201444464567053,Games,59.99,44885 Annamark Street,79945,TX,Fitness Tracker with Heart Rate Monitor,1/16/2026
264,Cherie,Pepys,cpepys7b@ovh.net,solo,6767958008951706632,Industrial,199.99,30779 Southridge Road,93715,CA,Portable Massage Table,8/17/2026
265,Natty,Wooffitt,nwooffitt7c@hao123.com,jcb,3567138202298581,Games,3.99,37350 Little Fleur Way,73157,OK,Kale Chips,7/20/2026
266,Jade,Snellman,jsnellman7d@printfriendly.com,jcb,3584480322978943,Health,89.99,406 Packers Lane,71130,LA,Portable Pet Stroller,12/12/2025
267,Ingemar,Cahani,icahani7e@printfriendly.com,instapayment,6392828543120254,Jewelry,129.99,86271 Vidon Trail,77095,TX,Luxury Memory Foam Mattress Topper,1/7/2026
268,Braden,McGillicuddy,bmcgillicuddy7f@cmu.edu,instapayment,6374955007504343,Grocery,16.99,90 American Ash Trail,01654,MA,Animal Paw Print Soap Dispenser,6/8/2026
269,Tildy,Crumly,tcrumly7g@bloomberg.com,diners-club-enroute,201423752305061,Sports,2.49,560 Norway Maple Avenue,79955,TX,Chili Garlic Sauce,3/14/2026
270,Chic,Farran,cfarran7h@ucsd.edu,jcb,3563013264501210,Movies,19.99,7 Corry Pass,76705,TX,Motion Sensor Light,9/8/2025
271,Nicholle,Garroch,ngarroch7i@tinypic.com,diners-club-us-ca,5599985968797298,Movies,8.99,5955 Luster Drive,94132,CA,Organic Coconut Oil,5/22/2026
272,Laraine,Ainslie,lainslie7j@usda.gov,americanexpress,374288248497207,Health,34.99,690 Dexter Street,70593,LA,Travel Yoga Mat,2/12/2026
273,Idaline,Cornford,icornford7k@unesco.org,jcb,3586442290697515,Health,34.99,72 Knutson Court,75342,TX,Scent Diffuser,8/10/2026
274,Katerine,Antyukhin,kantyukhin7l@reddit.com,americanexpress,337941150447109,Shoes,169.99,4564 Lukken Crossing,68117,NE,Smart Thermostat with Wi-Fi,12/25/2025
275,Levon,Lowell,llowell7m@jalbum.net,switch,6331103242914058,Movies,4.19,5 Farmco Point,28230,NC,Chickpea Pasta,10/29/2025
276,Herb,Bolino,hbolino7n@jiathis.com,bankcard,5602255281249160,Garden,4.29,22 Kensington Avenue,19196,PA,Maple Cinnamon Almonds,10/16/2025
277,Humphrey,Trafford,htrafford7o@sakura.ne.jp,switch,4903346070649828206,Tools,349.99,19 Moose Alley,10310,NY,Foldable Electric Scooter,2/20/2026
278,Tova,Schuchmacher,tschuchmacher7p@arizona.edu,instapayment,6379425530783488,Beauty,15.49,02 Veith Lane,33320,FL,Smartphone Stand,4/11/2026
279,Valina,Wharmby,vwharmby7q@dell.com,americanexpress,342183341464866,Clothing,39.99,769 American Road,06160,CT,Hydration Backpack,3/7/2026
280,Emmit,Pelfer,epelfer7r@amazon.com,china-unionpay,560223956773668261,Grocery,4.99,5 Shasta Avenue,43210,OH,Pesto Pasta Salad,12/9/2025
281,Kristos,Perrot,kperrot7s@hp.com,jcb,3565685870883625,Books,39.99,2 Melrose Way,46814,IN,Eco-Friendly Yoga Mat,7/23/2026
282,Sky,Snowling,ssnowling7t@google.cn,instapayment,6389264642756118,Health,69.99,7499 Miller Crossing,76192,TX,Denim Jacket,3/22/2026
283,Easter,Aleksidze,ealeksidze7u@nba.com,instapayment,6387460935934956,Shoes,4.99,66 Hollow Ridge Parkway,03804,NH,Greek Feta Cheese,8/29/2026
284,Lorna,Pinilla,lpinilla7v@desdev.cn,diners-club-us-ca,5591936514094589,Tools,19.99,4 Nelson Plaza,22184,VA,Salt and Pepper Grinder Set,12/2/2025
285,Lorenza,Blader,lblader7w@cmu.edu,instapayment,6399193975338020,Industrial,3.49,40680 Doe Crossing Parkway,33411,FL,Rice Noodles,11/2/2025
286,Lucy,Neiland,lneiland7x@washington.edu,diners-club-international,36636168733854,Kids,5.49,414 Golf View Crossing,73167,OK,Chickpea Salad,3/17/2026
287,Laney,Harborow,lharborow7y@ed.gov,instapayment,6379085263089873,Outdoors,12.99,293 Oakridge Alley,19160,PA,Digital Stopwatch Timer,3/3/2026
288,Libbi,McGuffog,lmcguffog7z@umich.edu,switch,4911175695457946374,Grocery,6.99,91519 Sauthoff Street,68197,NE,Coconut Milk Ice Cream,6/30/2026
289,Georgy,Causer,gcauser80@nytimes.com,switch,490375432259053747,Electronics,3.99,8 Scott Park,60619,IL,Chipotle Lime Salsa,6/9/2026
290,Martino,Whitesel,mwhitesel81@rediff.com,mastercard,5100144798367714,Shoes,1.99,3 Transport Street,33129,FL,Garlic Herb Seasoning,8/27/2026
291,Rodrigo,Cant,rcant82@comcast.net,switch,6331105740611888,Home,39.99,69 Sloan Place,30195,GA,Non-Toxic Concrete Sealer,7/10/2026
292,Jewelle,Lund,jlund83@fastcompany.com,mastercard,5242714079985035,Health,1.99,876 Crownhardt Road,97216,OR,Frozen Mixed Vegetables,5/6/2026
293,Alvera,Linnemann,alinnemann84@deviantart.com,china-unionpay,56022246518445049,Clothing,6.99,90 Wayridge Trail,33416,FL,Gingerbread House Kit,3/12/2026
294,Miriam,Gallelli,mgallelli85@simplemachines.org,diners-club-enroute,201710192343060,Sports,2.49,67182 Meadow Ridge Park,97312,OR,Savory Oatmeal,1/7/2026
295,Alexis,Clemmey,aclemmey86@geocities.jp,mastercard,5002353876710567,Kids,3.99,6788 Orin Center,34629,FL,Fresh Strawberries,1/4/2026
296,Woody,Briskey,wbriskey87@bbc.co.uk,maestro,6761699914040964,Grocery,249.99,3396 Coleman Trail,45020,OH,Drone,7/28/2026
297,Muffin,Goatman,mgoatman88@tinyurl.com,maestro,676147296663322555,Home,24.99,0807 Westerfield Circle,85077,AZ,Noise Cancelling Ear Muffs,2/1/2026
298,Lazaro,Luffman,lluffman89@time.com,maestro,676106297522975665,Industrial,49.99,455 Cascade Pass,30905,GA,Canvas High-Top Sneakers,1/28/2026
299,Bale,Antognoni,bantognoni8a@rakuten.co.jp,diners-club-enroute,201742342510082,Electronics,2.89,64 Hallows Trail,71914,AR,Radish Chips,5/29/2026
300,Christin,Jandak,cjandak8b@4shared.com,jcb,3556874486116197,Toys,19.99,568 Melody Plaza,33954,FL,Cable Knit Beanie,6/14/2026
301,Joseph,Skuse,jskuse8c@who.int,bankcard,5602240865815545,Kids,4.29,768 Iowa Road,38197,TN,Dried Cranberries,5/17/2026
302,Sharona,Isson,sisson8d@yelp.com,diners-club-us-ca,5480418835921257,Tools,29.99,3727 Corry Parkway,95155,CA,Sustainable Wooden Toys,7/13/2026
303,Nolana,Draper,ndraper8e@gnu.org,jcb,3557924778378895,Toys,49.99,000 Cambridge Lane,94250,CA,Pet Bed with Removable Cover,7/6/2026
304,Krissy,Gimert,kgimert8f@youtube.com,switch,6759181613860537766,Grocery,59.99,34059 Aberg Trail,85062,AZ,Dual Function Electric Skillet,10/25/2025
305,Brigg,Windus,bwindus8g@myspace.com,visa,4041597809979,Health,2.99,855 Rockefeller Junction,65898,MO,Sweet Potato Chips,10/31/2025
306,Cecil,Luckcuck,cluckcuck8h@springer.com,instapayment,6391216386830463,Kids,19.99,2 Butterfield Circle,75265,TX,Key Finder,9/5/2025
307,Allison,Bilt,abilt8i@t.co,maestro,5038118571627541,Home,3.29,7598 Kensington Lane,30092,GA,Turmeric Ginger Tea,6/19/2026
308,Bobinette,Frewer,bfrewer8j@google.cn,switch,490365897606602531,Kids,3.99,11585 Melrose Crossing,33448,FL,Vegetable Fried Rice Mix,1/7/2026
309,Evangelia,Breckell,ebreckell8k@examiner.com,switch,6759750713734569325,Garden,16.99,1 Heath Hill,71115,LA,Pet Grooming Scissors,1/30/2026
310,Felic,Longhorne,flonghorne8l@ow.ly,instapayment,6386307579357401,Outdoors,15.99,88 Graceland Trail,43635,OH,Fruit Infuser Water Bottle,11/15/2025
311,Hernando,Chezier,hchezier8m@scribd.com,switch,6333157634045861,Beauty,39.99,23 Hallows Terrace,00214,NH,Coffee Grinder,11/4/2025
312,Carney,Wardel,cwardel8n@printfriendly.com,china-unionpay,560224092976764167,Shoes,39.99,938 Messerschmidt Avenue,40524,KY,Portable Speaker Stand,8/31/2026
313,Martha,Osgorby,mosgorby8o@auda.org.au,diners-club-international,36071225020410,Grocery,99.99,48 Chive Crossing,92505,CA,Tattoo Kit,7/17/2026
314,Blair,Powelee,bpowelee8p@jugem.jp,switch,675996600356586117,Toys,24.99,14580 Talmadge Street,32220,FL,Insulated Wine Tote,1/7/2026
315,Daryl,Commins,dcommins8q@mac.com,americanexpress,372301462860430,Clothing,3.49,73 Killdeer Hill,07310,NJ,Maple Cinnamon Granola Bars,9/29/2025
316,Gunter,Fladgate,gfladgate8r@geocities.jp,diners-club-us-ca,5450533771783945,Automotive,4.49,45027 Washington Crossing,45228,OH,Spicy Tuna Salad,1/8/2026
317,Curt,Ferrarini,cferrarini8s@dion.ne.jp,china-unionpay,560224787017313094,Toys,5.99,640 Sunbrook Street,29225,SC,Cinnamon Spiced Almonds,5/21/2026
318,Lana,McFall,lmcfall8t@deliciousdays.com,jcb,3587886493983750,Baby,12.99,21995 Sachs Place,10606,NY,Phone Screen Protector,1/18/2026
319,Quincy,Taplin,qtaplin8u@va.gov,diners-club-us-ca,5555990215728528,Clothing,19.99,7 Morrow Road,44485,OH,Smartphone Camera Lens Kit,5/16/2026
320,Madeleine,Adderson,madderson8v@prnewswire.com,americanexpress,374283630877934,Garden,2.99,1 Ilene Lane,85705,AZ,Aged White Cheddar Popcorn,3/5/2026
321,Roxane,Simoneau,rsimoneau8w@uol.com.br,diners-club-international,36894803877863,Computers,349.99,632 Del Mar Court,75507,TX,Inflatable Paddle Board,10/25/2025
322,Fina,Preist,fpreist8x@elegantthemes.com,diners-club-enroute,201474250396987,Music,3.99,17 Oak Valley Place,10606,NY,Pesto Pasta Sauce,11/29/2025
323,Adriane,Swindon,aswindon8y@fastcompany.com,china-unionpay,56022237616836080,Toys,9.99,510 Hovde Lane,84189,UT,Lemon Dill Salmon,11/14/2025
324,Khalil,Rittelmeyer,krittelmeyer8z@npr.org,diners-club-international,36003514485970,Grocery,39.99,83 Gale Terrace,02283,MA,Portable Campfire,2/3/2026
325,Christen,Emney,cemney90@cbc.ca,bankcard,5602212107200679,Industrial,49.99,9440 Roxbury Crossing,33175,FL,Luxury Bath Robe,11/18/2025
326,Cordell,O'Kane,cokane91@nationalgeographic.com,visa,4041598795417,Computers,39.99,71 Hermina Alley,68144,NE,Insulated Cooler,8/16/2026
327,Thomasin,Nerger,tnerger92@abc.net.au,maestro,675913913446269663,Sports,29.99,9402 Thierer Alley,79105,TX,Plaid Flannel Shirt,6/15/2026
328,Clint,Elderton,celderton93@cbslocal.com,mastercard,5292264787218757,Computers,3.19,08686 Dahle Avenue,22047,VA,Californian Raisins,6/27/2026
329,Cornell,Stiell,cstiell94@ebay.com,solo,6334072261504603521,Shoes,49.99,2 Golf View Way,92844,CA,Electric Griddle with Lid,3/11/2026
330,Jaye,Jowling,jjowling95@sun.com,solo,676778543353661735,Health,3.99,852 Center Place,28263,NC,Cranberry Pecan Granola,9/28/2025
331,Bryant,Shacklady,bshacklady96@sakura.ne.jp,diners-club-enroute,201804143446708,Baby,5.49,38 Killdeer Hill,57193,SD,Puff Pastry,9/28/2025
332,Kalindi,Nitti,knitti97@slideshare.net,switch,6333120576756779370,Industrial,4.19,33 American Crossing,76310,TX,Surimi Crab Sticks,2/10/2026
333,Vittorio,Elgy,velgy98@miitbeian.gov.cn,instapayment,6386784064284367,Outdoors,44.99,103 Surrey Drive,53726,WI,Linen Trousers,4/23/2026
334,Dennie,Korb,dkorb99@nature.com,china-unionpay,5610000464558019872,Industrial,34.99,5737 West Trail,02203,MA,Outdoor Camping Lantern,2/8/2026
335,Jeri,Carman,jcarman9a@e-recht24.de,switch,490544440094045204,Music,359.99,5696 Kedzie Avenue,77493,TX,Electronic Drum Kit,3/1/2026
336,Tessy,Luke,tluke9b@dropbox.com,jcb,3529047740701849,Music,12.99,584 Bonner Crossing,60691,IL,High-Quality Yoga Block,11/13/2025
337,Marshall,Welton,mwelton9c@dailymotion.com,diners-club-international,36640561685174,Beauty,12.99,60 Dottie Point,30610,GA,Non-Slip Yoga Socks,3/11/2026
338,Ginny,Burrow,gburrow9d@desdev.cn,jcb,3551577942691456,Home,3.49,71550 David Parkway,90305,CA,Spicy Salsa Verde,4/10/2026
339,Tildie,Mayne,tmayne9e@diigo.com,switch,4936962774943221,Books,1.99,300 Redwing Terrace,33111,FL,Peach Fruit Cups,7/24/2026
340,Gordon,Tod,gtod9f@springer.com,diners-club-us-ca,5495001394459019,Games,12.99,1419 Manitowish Court,43220,OH,Digital Stopwatch Timer,8/1/2026
341,Pauline,Westmacott,pwestmacott9g@yellowbook.com,jcb,3528213917965069,Grocery,34.99,76469 Annamark Alley,95194,CA,Camping Lantern,8/28/2026
342,Buck,Deaconson,bdeaconson9h@timesonline.co.uk,instapayment,6398569846804699,Home,299.99,684 Mcguire Lane,61651,IL,Arcade Game Machine,8/18/2026
343,Jeromy,Yeskin,jyeskin9i@imageshack.us,switch,564182532818455393,Industrial,2.79,02 Buhler Lane,37235,TN,Sriracha Chili Sauce,7/16/2026
344,Anatollo,Jerdon,ajerdon9j@cdbaby.com,jcb,3538484031459481,Books,49.99,9835 Aberg Street,79188,TX,Self-Inflating Camping Mattress,8/7/2026
345,Benedikta,Petticrew,bpetticrew9k@google.ru,instapayment,6394154142873328,Outdoors,17.99,74 Northland Street,33913,FL,Wall Calendar,8/24/2026
346,Artur,Emblen,aemblen9l@seattletimes.com,visa,4041593413461,Jewelry,2.49,4473 Bartillon Trail,33141,FL,Vegan Taco Seasoning,1/18/2026
347,Kelcie,Engley,kengley9m@networkadvertising.org,jcb,3538723021270998,Home,99.99,48 Lighthouse Bay Junction,75062,TX,Mini Projector for Smartphones,4/20/2026
348,Chiquita,Husselbee,chusselbee9n@yelp.com,solo,633451789599284254,Movies,6.29,2057 Lawn Street,73071,OK,Dark Chocolate Tart,12/27/2025
349,Krystyna,Guppey,kguppey9o@posterous.com,china-unionpay,56022430585756484,Computers,34.99,2665 Hanover Crossing,78415,TX,Fashionable Belt Bag,2/22/2026
350,Forrest,Vaney,fvaney9p@aol.com,americanexpress,374288364174549,Health,3.29,21930 Atwood Street,58207,ND,Roasted Garlic Butter,7/29/2026
351,Oralia,Pirson,opirson9q@dropbox.com,diners-club-us-ca,5416385501017885,Tools,34.99,2917 Rigney Crossing,85383,AZ,Children's Art Set,12/14/2025
352,Karylin,Spratley,kspratley9r@facebook.com,china-unionpay,56022470204009410,Jewelry,59.99,0211 Barnett Court,78215,TX,Electric Screwdriver,6/16/2026
353,Giustino,Sammon,gsammon9s@nifty.com,diners-club-us-ca,5587763883076120,Shoes,34.99,813 Springview Terrace,93034,CA,Chino Shorts,4/24/2026
354,Odele,Fentem,ofentem9t@mac.com,visa,4024544005511,Beauty,39.99,7 Jana Pass,22301,VA,Solar Power Bank,11/20/2025
355,Frederich,Hansman,fhansman9u@naver.com,diners-club-international,36089157020422,Games,28.99,2526 Merchant Road,97232,OR,Window Bird Feeder with Suction Cups,7/23/2026
356,Lance,Le Ball,lleball9v@ca.gov,mastercard,5404833269693151,Baby,39.99,758 Hanson Circle,14646,NY,Insulated Cooler,6/15/2026
357,Scarlet,Cicchillo,scicchillo9w@slate.com,americanexpress,372301942132897,Grocery,69.99,14 Ludington Crossing,68144,NE,Denim Jacket,1/24/2026
358,Tan,Nutman,tnutman9x@google.ca,instapayment,6399894159550054,Garden,3.49,76811 Ridge Oak Center,13205,NY,Classic Chicken Noodle Soup,9/6/2025
359,Ebony,Hixson,ehixson9y@typepad.com,americanexpress,374283140153958,Outdoors,24.99,8 Algoma Lane,97201,OR,Shatterproof Wine Glasses,4/26/2026
360,Jayme,Sothern,jsothern9z@cbc.ca,switch,4911324853096842575,Music,34.99,67 Fallview Way,98140,WA,Graphic Sweatshirt,5/22/2026
361,Chrystal,Janeway,cjanewaya0@miitbeian.gov.cn,diners-club-us-ca,5517112992319309,Industrial,69.99,547 Dixon Junction,63104,MO,Trainers with Mesh Inserts,1/28/2026
362,Sandie,Cuffe,scuffea1@yale.edu,mastercard,5352056448958764,Movies,19.99,761 Farragut Way,20535,DC,Car Windshield Sun Shade,11/6/2025
363,Les,Janata,ljanataa2@zimbio.com,jcb,3570588034999829,Industrial,1.99,46430 Darwin Road,23260,VA,Red Lentils,2/11/2026
364,Kevina,Rodrigues,krodriguesa3@geocities.com,americanexpress,374288712639946,Outdoors,34.99,1986 Beilfuss Circle,20299,DC,Personalized Cutting Board,5/21/2026
365,Adamo,Usborn,ausborna4@ezinearticles.com,diners-club-enroute,201445418028225,Grocery,79.99,7 Merry Alley,36109,AL,Bluetooth Headphones,10/28/2025
366,Lauren,Barajas,lbarajasa5@t.co,switch,4936341597011211,Toys,19.99,13 Vermont Parkway,77293,TX,Reusable Silicone Food Storage Bags,2/10/2026
367,Emlynn,Simenot,esimenota6@google.com,diners-club-international,36448706542205,Baby,59.99,2411 Towne Pass,84605,UT,Indoor Grill,4/4/2026
368,Gisella,Tebbett,gtebbetta7@bravesites.com,instapayment,6390539934756638,Books,39.99,1 Jackson Place,92648,CA,Luxury Yoga Mat,5/29/2026
369,Emelita,Dossettor,edossettora8@blog.com,diners-club-international,36331844633955,Kids,3.29,683 Morning Drive,37931,TN,Roasted Garlic Butter,2/16/2026
370,Elsey,Dilleway,edillewaya9@desdev.cn,visa,4041374859742,Computers,3.69,3 Warner Lane,06183,CT,Indian Curry Sauce,6/13/2026
371,Ingrid,MacGhee,imacgheeaa@ustream.tv,americanexpress,372301405522402,Books,34.99,2 Lindbergh Way,34210,FL,LED Camping Lantern with USB Charging,1/19/2026
372,Giordano,Fader,gfaderab@example.com,china-unionpay,560224744125277224,Sports,34.99,1 Veith Terrace,73119,OK,Decorative Wall Tapestry,11/30/2025
373,Bruis,Wheatman,bwheatmanac@illinois.edu,maestro,501804487265773170,Clothing,29.99,1 Bayside Court,80328,CO,Cotton Tote Bag Set,2/4/2026
374,Danika,Boseley,dboseleyad@home.pl,diners-club-us-ca,5428775864768239,Health,19.99,27 Northridge Way,60697,IL,Window Bird Feeder,4/6/2026
375,Idell,Reddihough,ireddihoughae@zdnet.com,visa,4041373341270,Garden,17.99,51523 Spaight Center,06705,CT,Wall Calendar,7/20/2026
376,Kriste,Slyne,kslyneaf@cargocollective.com,diners-club-international,36570577139306,Garden,19.99,5 Independence Point,48295,MI,Multi-Function Meat Tenderizer,10/14/2025
377,Gennifer,Preshaw,gpreshawag@drupal.org,bankcard,5610931499019492,Garden,249.99,2 Hallows Avenue,24024,VA,Adjustable Dumbbells,11/22/2025
378,Cassandre,Coyne,ccoyneah@utexas.edu,switch,490578403015578116,Jewelry,7.99,66 Mandrake Center,55565,MN,Honey mustard chicken tenders,10/21/2025
379,Bethany,Babidge,bbabidgeai@mediafire.com,jcb,3581588905214024,Outdoors,39.99,40704 Kings Point,35295,AL,Antique Style Clock,5/5/2026
380,Teodor,Schuricke,tschurickeaj@g.co,bankcard,5602212338150354,Games,22.99,887 Lindbergh Avenue,92822,CA,Herb Drying Rack,2/25/2026
381,Gianni,Robertelli,grobertelliak@livejournal.com,solo,6334359768172532,Sports,99.99,1619 Pawling Lane,90101,CA,High-Speed Blender,3/24/2026
382,Erv,Jonathon,ejonathonal@rakuten.co.jp,bankcard,5602250170098869,Books,5.49,717 Bonner Junction,23225,VA,Frozen Berry Medley,2/11/2026
383,Vivianne,Reagan,vreaganam@youtube.com,jcb,3547871693201079,Beauty,7.19,46 Bartelt Junction,66225,KS,Dark Chocolate Covered Almonds,10/26/2025
384,Marsha,Hartlebury,mhartleburyan@usnews.com,mastercard,5188217737502909,Movies,14.99,5 Sloan Alley,11225,NY,Camera Lens Cleaning Kit,5/22/2026
385,Everett,Warrener,ewarrenerao@jalbum.net,visa,4041593805385,Tools,79.99,9996 Artisan Street,75216,TX,Hiking Boots,6/30/2026
386,Kalvin,Roome,kroomeap@1und1.de,diners-club-us-ca,5533387542608381,Games,5.99,8628 Jenna Junction,77050,TX,Pasta Salad Kit,8/4/2026
387,Shana,Lindores,slindoresaq@howstuffworks.com,maestro,6761375749532238912,Sports,19.99,62594 Nova Pass,37665,TN,Digital Alarm Clock,12/11/2025
388,Jacquelyn,Taffarello,jtaffarelloar@comsenz.com,jcb,3529083930741519,Movies,19.99,87 Spohn Avenue,92191,CA,Guitar Tuner,6/20/2026
389,Mikel,Gianolini,mgianolinias@cornell.edu,instapayment,6394521830020968,Kids,19.99,150 Rigney Terrace,30506,GA,Basic V-Neck T-Shirt,12/29/2025
390,Glenden,Olliff,golliffat@cargocollective.com,diners-club-international,36433698522001,Books,49.99,630 Hoepker Way,68117,NE,Multi-Functional Rice Cooker,11/29/2025
391,Eugen,Northrop,enorthropau@eepurl.com,americanexpress,374622578791310,Kids,2.79,25013 Vahlen Crossing,72215,AR,Sliced Avocado,1/29/2026
392,Joela,Makiver,jmakiverav@nytimes.com,diners-club-us-ca,5557272964714894,Jewelry,22.99,56442 Granby Trail,80291,CO,Plant Growing Kit,9/8/2025
393,Genni,Shugg,gshuggaw@about.me,mastercard,5130913582462095,Grocery,29.99,7 Hoepker Place,77212,TX,Beach Cover-Up,8/17/2026
394,Batsheva,Frondt,bfrondtax@blog.com,jcb,3564535965324814,Books,5.99,260 Porter Court,10275,NY,Kale Caesar Salad Kit,3/25/2026
395,Myrtie,Seak,mseakay@google.com.au,instapayment,6381376954805214,Shoes,69.99,8 Banding Court,31405,GA,Portable Air Purifier,7/29/2026
396,Tiebold,Tumulty,ttumultyaz@cornell.edu,americanexpress,374288584704968,Tools,39.99,65295 Dawn Center,23509,VA,Rechargeable Electric Screwdriver,1/26/2026
397,Linnet,Farren,lfarrenb0@vimeo.com,bankcard,5602245653408684,Sports,15.99,144 Calypso Court,55127,MN,Fridge Magnet Set,6/10/2026
398,Chandler,Edgley,cedgleyb1@simplemachines.org,bankcard,5602229170775213,Music,2.49,9 Scott Hill,46239,IN,Tuscan Bean Soup,12/30/2025
399,Pierson,Casterton,pcastertonb2@sohu.com,visa,4017952677706,Kids,2.89,47 Homewood Way,77065,TX,Cinnamon Sugar Popcorn,7/23/2026
400,Sayers,Vercruysse,svercruysseb3@usa.gov,visa,4017959333402,Electronics,29.99,5 Forster Road,37665,TN,Hiking Gaiters,8/16/2026
401,Osmund,Tremberth,otremberthb4@ning.com,solo,6767429420277023,Games,3.99,5358 Kinsman Drive,93291,CA,Sun-Dried Tomatoes,4/1/2026
402,Iorgos,Pennick,ipennickb5@netlog.com,mastercard,5100149897596386,Industrial,22.99,0068 Rutledge Center,92405,CA,Gardening Tool Belt,8/21/2026
403,Robinet,Castelli,rcastellib6@xing.com,china-unionpay,560225576458076024,Grocery,129.99,2619 Jay Alley,24014,VA,Leather Biker Jacket,11/8/2025
404,Guillemette,Merigot,gmerigotb7@ftc.gov,solo,6334477164952057,Garden,6.49,56 Forest Dale Pass,90065,CA,Mediterranean Chickpea Bowl,11/20/2025
405,Percival,Cairney,pcairneyb8@flavors.me,maestro,6759967590042065,Home,4.29,563 Monterey Terrace,90831,CA,Crispy Onion Rings,1/22/2026
406,Jannel,Bagehot,jbagehotb9@mail.ru,diners-club-enroute,201401648287057,Jewelry,10.99,95522 Loomis Center,28263,NC,Pet Travel Bowl,12/14/2025
407,Skipton,Moulsdale,smoulsdaleba@sina.com.cn,americanexpress,374283418515649,Clothing,2.29,776 Montana Parkway,20557,DC,Egg Noodles,3/30/2026
408,Sky,Stebbings,sstebbingsbb@cnbc.com,diners-club-us-ca,5403194324029985,Baby,59.99,5952 Tomscot Drive,60652,IL,Tactical Backpack,5/22/2026
409,Buck,Pindell,bpindellbc@vk.com,china-unionpay,5602237807134852,Grocery,24.99,41921 Armistice Drive,33647,FL,Wooden Blocks,12/2/2025
410,Dew,Tebbet,dtebbetbd@wufoo.com,diners-club-enroute,201888807679563,Baby,49.99,4 Londonderry Drive,45408,OH,Car Emergency Kit,10/7/2025
411,Mirna,Merwede,mmerwedebe@mashable.com,americanexpress,372301786387953,Automotive,69.99,4356 Manley Place,61656,IL,Portable Hammock with Stand,7/24/2026
412,Angelico,Teek,ateekbf@nifty.com,diners-club-enroute,201840403551423,Baby,2.49,86 Hovde Hill,37410,TN,Thyme,12/13/2025
413,Drucie,Esselin,desselinbg@infoseek.co.jp,maestro,501876247199275798,Computers,5.59,097 Ridgeway Terrace,19897,DE,Samoas Cookie Mix,10/25/2025
414,Selinda,Fivey,sfiveybh@marriott.com,visa,4041379697691,Electronics,29.99,808 Garrison Street,92648,CA,Kids' Science Experiment Kit,11/27/2025
415,Lambert,Gutridge,lgutridgebi@clickbank.net,solo,6334803613702324118,Games,199.99,4 American Avenue,20370,DC,Portable Massage Table,5/17/2026
416,Koren,Gallego,kgallegobj@youtu.be,diners-club-enroute,201859210782005,Industrial,2.49,56357 Derek Street,73124,OK,Organic Brown Sugar,4/28/2026
417,Tami,Hanster,thansterbk@people.com.cn,maestro,6762495264422102056,Music,4.79,78422 Colorado Circle,99220,WA,Balsamic Glaze,2/21/2026
418,Betsey,Cramphorn,bcramphornbl@netvibes.com,china-unionpay,5602231050144378928,Health,99.99,29138 Londonderry Trail,85010,AZ,Juice Extractor,9/22/2025
419,Everard,Cobbing,ecobbingbm@ustream.tv,diners-club-international,36267544492070,Kids,2.79,8 Summerview Plaza,70160,LA,Oven-Baked Potato Chips,5/14/2026
420,Clair,Brugh,cbrughbn@usnews.com,instapayment,6390787482729032,Computers,5.49,1 Sommers Plaza,79188,TX,Raspberry Tart,10/10/2025
421,Gerri,Sancho,gsanchobo@go.com,solo,6767085572398486,Kids,15.99,3 Bluejay Terrace,46699,IN,Set of Gardening Gloves with Claws,9/25/2025
422,Gardie,Eiler,geilerbp@skyrock.com,diners-club-enroute,201956669069031,Tools,6.49,79087 Oriole Place,15215,PA,Popcorn Chicken,6/8/2026
423,Lyman,Tissier,ltissierbq@indiatimes.com,diners-club-enroute,201974663266297,Electronics,29.99,86 Hansons Drive,29615,SC,Pizza Stone,3/2/2026
424,Amandy,McCarrick,amccarrickbr@microsoft.com,diners-club-enroute,201600838294449,Automotive,5.99,08 Anniversary Plaza,32405,FL,Beef Jerky,1/5/2026
425,Jere,Ferrero,jferrerobs@trellian.com,switch,493675264496248702,Clothing,1.29,886 Meadow Vale Terrace,55564,MN,Ramen Noodle Soup Cups,1/22/2026
426,Tiertza,Waterstone,twaterstonebt@seattletimes.com,visa,4041599325769069,Outdoors,4.29,8405 Thierer Hill,80328,CO,Mango Chili Salsa,12/26/2025
427,Fax,Barrett,fbarrettbu@amazon.co.jp,diners-club-us-ca,5577626839815689,Music,44.99,880 Dakota Street,32259,FL,Comfort Flats,1/29/2026
428,Rosita,Catterell,rcatterellbv@technorati.com,diners-club-international,36575186396973,Industrial,2.49,7391 Leroy Court,48919,MI,Herbed Couscous,12/31/2025
429,Lavinie,Moncaster,lmoncasterbw@ibm.com,switch,4936180845149054,Home,2.99,36166 Hintze Alley,12255,NY,Lentils,4/4/2026
430,Mark,Castell,mcastellbx@youtube.com,jcb,3533925371221019,Movies,22.99,9 Gerald Terrace,93311,CA,Foam Building Blocks for Kids,4/21/2026
431,Lovell,Patesel,lpateselby@feedburner.com,jcb,3579032619183476,Games,2.49,5551 Sunnyside Point,28263,NC,Smashed Avocado with Lime,12/1/2025
432,Darrell,Ackerley,dackerleybz@infoseek.co.jp,diners-club-us-ca,5414388029087374,Tools,5.99,1271 Hayes Park,34205,FL,Mediterranean Chickpea Salad,10/23/2025
433,Boniface,Manjin,bmanjinc0@cloudflare.com,diners-club-us-ca,5404962854607522,Baby,12.99,3 Express Point,20078,DC,Digital Stopwatch Timer,6/27/2026
434,Nappy,Merriday,nmerridayc1@google.nl,diners-club-enroute,201661316579420,Jewelry,59.99,3058 Fordem Trail,12237,NY,Electric Razor,7/7/2026
435,Slade,Cortnay,scortnayc2@newyorker.com,diners-club-international,36641164969148,Computers,39.99,7033 Southridge Crossing,79934,TX,Portable Campfire,1/5/2026
436,Charles,Preddle,cpreddlec3@typepad.com,switch,493662853191222098,Outdoors,6.49,61 Morning Pass,34276,FL,Sweet Potato and Chickpea Bowl,11/4/2025
437,Danni,Scurry,dscurryc4@sciencedirect.com,diners-club-enroute,201467356650562,Baby,27.99,75 Commercial Avenue,20067,DC,Portable Hammock,10/7/2025
438,Gram,Lawly,glawlyc5@amazon.co.jp,jcb,3579616493268716,Books,3.49,340 Mccormick Plaza,79989,TX,Maple Chipotle Glaze,5/28/2026
439,Emlyn,McGown,emcgownc6@woothemes.com,maestro,67623751090873039,Baby,19.99,6039 Thompson Pass,70187,LA,Silicone Baking Mats,10/28/2025
440,Link,Lamont,llamontc7@nasa.gov,china-unionpay,5602259463154343558,Home,15.99,9941 Oak Valley Trail,68124,NE,Pet Leash,8/9/2026
441,Wilfrid,Sleight,wsleightc8@senate.gov,americanexpress,374283660207648,Home,2.29,049 Ludington Crossing,70179,LA,Vegetable Broth,8/13/2026
442,Herb,O'Corhane,hocorhanec9@themeforest.net,switch,4905133578165704421,Garden,4.29,72208 Pawling Crossing,66215,KS,Nutty Trail Mix,5/25/2026
443,Wang,Samme,wsammeca@state.tx.us,bankcard,5610129697746285,Movies,3.99,78359 Elmside Park,19109,PA,Oven-Baked Sweet Potato Fries,12/18/2025
444,Valerie,Janew,vjanewcb@census.gov,china-unionpay,5610571228090146264,Toys,29.99,729 Cambridge Alley,92662,CA,Stainless Steel Cutlery Set,3/22/2026
445,Kizzee,Thebeau,kthebeaucc@blogtalkradio.com,bankcard,5602257991002079,Sports,4.99,9 Miller Parkway,36109,AL,Chocolate Avocado Pudding,5/5/2026
446,Farra,Sorensen,fsorensencd@indiegogo.com,mastercard,5440302527450214,Home,39.99,8771 Kim Plaza,95397,CA,Ceramic Non-Stick Frying Pan,2/20/2026
447,Jamie,Krugmann,jkrugmannce@washingtonpost.com,bankcard,5602253304751726,Books,59.99,3 Badeau Trail,58505,ND,Indoor Grill,7/22/2026
448,Elysha,Tomkys,etomkyscf@apache.org,solo,6767442050236243,Beauty,4.99,95 Acker Circle,33763,FL,Vegetable Fried Rice,9/13/2025
449,Ruthi,Cherrington,rcherringtoncg@issuu.com,diners-club-us-ca,5551148255890849,Garden,1.99,1 Annamark Circle,50981,IA,Cajun Seasoning,7/27/2026
450,Mickey,Dullaghan,mdullaghanch@wiley.com,visa,4041593201932,Automotive,29.99,89 Pine View Hill,40524,KY,Travel Beach Blanket,6/13/2026
451,Tersina,Illes,tillesci@jiathis.com,solo,6334019103474130,Home,49.99,4 Everett Junction,32255,FL,Heavy Duty Gardening Tool Set,9/14/2025
452,Francois,Hedlestone,fhedlestonecj@ox.ac.uk,americanexpress,374288262099392,Industrial,5.99,0510 Fairfield Place,11220,NY,Green Smoothie Mix,4/16/2026
453,Joby,Nevet,jnevetck@artisteer.com,mastercard,5465051661827303,Industrial,19.99,200 Ramsey Way,94154,CA,Fall-Themed Table Runner,2/7/2026
454,Nelson,McFeate,nmcfeatecl@cbsnews.com,switch,6759003930696796184,Beauty,12.99,259 Menomonie Place,90405,CA,High-Speed HDMI Cable,4/7/2026
455,Melodie,Desesquelle,mdesesquellecm@printfriendly.com,bankcard,5610670570085127,Outdoors,39.99,3100 Donald Street,57193,SD,Kitchen Knife Sharpening System,1/29/2026
456,Kippy,ducarme,kducarmecn@furl.net,instapayment,6394776286601865,Automotive,79.99,5313 Lakewood Point,31410,GA,Tabletop Fire Pit,8/3/2026
457,Tate,Tidswell,ttidswellco@yahoo.com,china-unionpay,5602252005783570858,Baby,3.49,94 Shelley Place,33141,FL,BBQ Lentil Chips,4/19/2026
458,Orsa,Cescon,ocesconcp@posterous.com,china-unionpay,560223433394381518,Grocery,49.99,9393 Sullivan Avenue,94611,CA,Electric Hot Pot,2/3/2026
459,Warde,Camin,wcamincq@cornell.edu,mastercard,5495395172339520,Music,22.99,734 Loeprich Avenue,90025,CA,Puzzle Mat,5/7/2026
460,Shannon,Valsler,svalslercr@dmoz.org,maestro,6763135198966382,Baby,1.5,83456 Sherman Trail,63116,MO,Sweet Corn,12/6/2025
461,Garland,Normadell,gnormadellcs@marriott.com,solo,6334493281812132,Industrial,129.99,9 Talmadge Pass,78415,TX,Kids Tablet,2/26/2026
462,Ilene,Maith,imaithct@livejournal.com,diners-club-us-ca,5416894456454738,Shoes,4.19,2 Nevada Street,23213,VA,Coconut Granola,8/16/2026
463,Merle,Juris,mjuriscu@usatoday.com,bankcard,5602229000646899,Shoes,22.99,7 Thackeray Hill,48670,MI,Recipe Book Stand,12/25/2025
464,Annmaria,d' Elboux,adelbouxcv@google.de,solo,676738455863038529,Jewelry,3.99,798 Novick Way,78215,TX,Garlic Naan Bread,8/31/2026
465,Raviv,Whapple,rwhapplecw@scribd.com,solo,6767181056707659968,Clothing,3.99,397 Surrey Plaza,23520,VA,Thai Coconut Curry Sauce,6/29/2026
466,Web,Fellgett,wfellgettcx@mapy.cz,mastercard,5100170652947051,Beauty,199.99,3 Messerschmidt Avenue,77005,TX,Action Camera,12/21/2025
467,Morgan,Aldrick,maldrickcy@youtu.be,diners-club-us-ca,5537559144436397,Garden,39.99,65912 Sycamore Hill,91117,CA,Adjustable Resistance Bands,8/25/2026
468,Fraser,Brattan,fbrattancz@g.co,china-unionpay,56022552449762091,Health,8.99,48349 Packers Pass,22156,VA,Spinach and Feta Stuffed Chicken Breast,8/7/2026
469,Lin,Winsper,lwinsperd0@pinterest.com,switch,4911046248374657,Music,3.99,926 Clyde Gallagher Terrace,92844,CA,Cranberry Citrus Sauce,3/17/2026
470,Dode,Sproat,dsproatd1@fotki.com,solo,6334392741108560741,Beauty,12.99,984 Derek Trail,59112,MT,Tea Infuser,1/11/2026
471,Inge,Bolens,ibolensd2@bbb.org,visa,4041597247014,Industrial,4.29,4202 Esker Way,77075,TX,Shredded Cheese,4/13/2026
472,Aggie,Saunt,asauntd3@discuz.net,switch,4903938171075162,Garden,29.99,3084 Pepper Wood Drive,62205,IL,Adjustable Laptop Stand,7/5/2026
473,Bink,Gudgin,bgudgind4@google.com.au,jcb,3584103538025446,Toys,3.79,14463 Bunting Park,39296,MS,Pineapple Coconut Bars,11/29/2025
474,Norri,Kenvin,nkenvind5@fema.gov,diners-club-enroute,201960377011624,Baby,4.19,2382 Center Pass,59806,MT,Cinnamon Raisin Bagels,10/21/2025
475,Esmaria,Cicconettii,ecicconettiid6@wordpress.com,visa,4041599832292,Movies,2.99,3403 Vidon Junction,94622,CA,Sweet Cherry Tomatoes,10/23/2025
476,Cletus,Golton,cgoltond7@ca.gov,switch,4911411017816207,Clothing,3.49,8 Messerschmidt Park,34276,FL,Dried Mango Slices,10/2/2025
477,Spencer,Simenet,ssimenetd8@blinklist.com,china-unionpay,5610122308677536,Sports,2.99,0031 Steensland Parkway,33111,FL,Classic Minestrone Soup,1/2/2026
478,Arabella,Greenlees,agreenleesd9@goo.ne.jp,mastercard,5100135717042024,Industrial,59.99,6012 Darwin Trail,40233,KY,Folding Table,9/28/2025
479,Babb,Dent,bdentda@businesswire.com,bankcard,5602225777022371,Industrial,34.99,0 Bonner Place,23605,VA,Handmade Soap Making Kit,3/8/2026
480,Pauly,Coldicott,pcoldicottdb@businessinsider.com,instapayment,6397900767798274,Games,5.79,0 Fremont Junction,11499,NY,Coconut Curry Lentils,10/24/2025
481,Ernie,Gimlet,egimletdc@wix.com,maestro,6763640567161945,Industrial,39.99,57 Grayhawk Hill,92115,CA,Solar Garden Lights,11/30/2025
482,Packston,Klimpke,pklimpkedd@paypal.com,solo,6767260104288548566,Jewelry,2.49,33573 Blaine Alley,79415,TX,Herbed Couscous,4/20/2026
483,Carmelita,Raye,crayede@virginia.edu,switch,491118273046325174,Music,29.99,8 Debra Alley,11480,NY,Comfy Slippers,10/6/2025
484,Nico,Borres,nborresdf@chronoengine.com,diners-club-enroute,201535584719514,Health,17.99,62 Valley Edge Plaza,18768,PA,Wall Calendar,1/1/2026
485,Brynna,Dietzler,bdietzlerdg@360.cn,china-unionpay,5602259493896966,Tools,3.29,39 North Road,95054,CA,Jalapeño Cornbread,2/28/2026
486,Janeta,Alen,jalendh@foxnews.com,jcb,3562451214124462,Books,49.99,9 Pennsylvania Park,90847,CA,Camera Tripod,5/3/2026
487,Moll,Vipan,mvipandi@skype.com,bankcard,5602236311616909,Home,3.59,43970 Rowland Circle,88553,TX,Nutritional Yeast,10/21/2025
488,Carlin,Devinn,cdevinndj@wikipedia.org,switch,4905329996927725092,Tools,44.99,5288 Waywood Road,33906,FL,Coffee Making Kit,6/24/2026
489,Zachery,Macewan,zmacewandk@macromedia.com,maestro,63044558674659944,Garden,99.99,3 Alpine Crossing,60663,IL,Mechanical Keyboard,8/3/2026
490,Blanche,Issatt,bissattdl@prnewswire.com,maestro,5893951365362840,Automotive,14.99,30442 Hallows Park,63104,MO,Travel Luggage Scale,12/18/2025
491,Dee dee,Dymock,ddymockdm@webs.com,americanexpress,372301180266373,Books,18.99,25 Declaration Center,52804,IA,Non-Stick Baking Sheet,8/14/2026
492,Raphael,Ellcome,rellcomedn@ocn.ne.jp,diners-club-enroute,201523547582187,Kids,9.99,66299 Portage Pass,80235,CO,Collapsible Camping Cup,11/24/2025
493,Quill,Narracott,qnarracottdo@wiley.com,americanexpress,344624403793252,Grocery,2.49,3 Luster Trail,84135,UT,Puffed Rice Cake,1/19/2026
494,Leo,Skacel,lskaceldp@baidu.com,jcb,3528807266116636,Sports,3.99,2 Glacier Hill Hill,88558,TX,Creamy Garlic Mashed Potatoes,7/8/2026
495,Katleen,Draaisma,kdraaismadq@shutterfly.com,mastercard,5262665770778423,Jewelry,99.99,4491 Manitowish Street,55423,MN,Smart Home Hub,5/8/2026
496,Jarvis,Perrett,jperrettdr@smugmug.com,maestro,0604827720844147,Kids,59.99,5591 Hintze Junction,79699,TX,Dual Function Electric Skillet,11/1/2025
497,Melania,Lanchberry,mlanchberryds@auda.org.au,maestro,5020389690165885833,Beauty,4.49,44 Pine View Trail,58505,ND,Organic Black Bean Burger,7/26/2026
498,Barton,Hartgill,bhartgilldt@vimeo.com,instapayment,6387254877774995,Computers,5.99,9030 Bonner Drive,33245,FL,Almond Flour,7/30/2026
499,Anica,Wotton,awottondu@friendfeed.com,visa,4041375260510,Music,4.99,3 Kennedy Center,33075,FL,Chickpea Pancakes,10/14/2025
500,Lissy,Dericot,ldericotdv@sbwire.com,diners-club-enroute,201943552785816,Baby,15.99,14373 Dapin Trail,80161,CO,Memory Card,10/3/2025
501,Carlotta,Awmack,cawmackdw@sina.com.cn,solo,676784708206093509,Electronics,44.99,72776 Victoria Road,74184,OK,Sun Protection Clothing,10/26/2025
502,Jerry,Brymham,jbrymhamdx@sciencedirect.com,diners-club-enroute,201546238149792,Books,29.99,442 Claremont Hill,54915,WI,Cotton Tote Bag Set,12/24/2025
503,Byrom,Jedrzejewicz,bjedrzejewiczdy@cargocollective.com,jcb,3550941357910424,Shoes,59.99,86 Reindahl Place,14269,NY,Warm Wool Sweater,5/31/2026
504,Gertie,Bampkin,gbampkindz@quantcast.com,instapayment,6376409261648840,Tools,49.99,04911 Ridgeview Parkway,72118,AR,V-Neck Sweater,4/3/2026
505,Patricio,Barnsdall,pbarnsdalle0@phoca.cz,bankcard,5602238819758746,Kids,2.99,300 Bonner Circle,30323,GA,Sweet Chili Sauce,2/16/2026
506,Fay,Cheater,fcheatere1@seesaa.net,mastercard,5448910888971495,Electronics,3.99,3 Darwin Parkway,89087,NV,Vegan Caesar Dressing,3/19/2026
507,Neils,Kesby,nkesbye2@tripadvisor.com,jcb,3562493026854985,Baby,99.99,141 Harbort Court,08608,NJ,Wireless Printer,3/12/2026
508,Kitti,Bertouloume,kbertouloumee3@bluehost.com,switch,6333196651350366632,Outdoors,4.49,69239 Gerald Drive,90035,CA,Peanut Butter Banana Smoothie Mix,6/23/2026
509,Lock,Fillimore,lfillimoree4@cargocollective.com,maestro,67632122182459971,Clothing,12.99,85982 Havey Drive,75062,TX,Pet Nail Clipper,12/4/2025
510,Camellia,Burras,cburrase5@sciencedirect.com,instapayment,6383406999519427,Home,3.19,2 Shoshone Circle,15205,PA,Californian Raisins,12/30/2025
511,Dino,Mosdill,dmosdille6@mail.ru,jcb,3581023801064869,Baby,5.99,01659 Trailsway Circle,10165,NY,Thai Basil Fried Rice,5/30/2026
512,Salvidor,Murrish,smurrishe7@qq.com,bankcard,5602242918519728,Home,10.99,883 Transport Court,20268,DC,Silicone Baking Cups,11/1/2025
513,Phyllys,Stitcher,pstitchere8@cargocollective.com,diners-club-us-ca,5460180497320590,Beauty,6.99,5622 Sunfield Terrace,44125,OH,Buffalo Cauliflower Wings,3/8/2026
514,Andrus,Breed,abreede9@fotki.com,mastercard,5100137124067610,Beauty,29.99,89578 Emmet Lane,72215,AR,Collapsible Folding Chair,3/2/2026
515,Camel,Membry,cmembryea@usa.gov,solo,6767894143002503923,Outdoors,24.99,8 Iowa Lane,73147,OK,Magnetic Spice Containers,8/31/2026
516,Justino,Conring,jconringeb@timesonline.co.uk,diners-club-international,36947643264278,Home,4.49,23 Bunting Lane,93907,CA,Pomegranate Juice,1/11/2026
517,Aidan,Oade,aoadeec@wsj.com,americanexpress,372301267967133,Jewelry,3.99,10224 Northwestern Road,45243,OH,Sesame Oil,6/15/2026
518,Moina,Gasnoll,mgasnolled@oakley.com,visa,4017950224485,Computers,29.99,4727 Vermont Point,34233,FL,Slingback Sandals,6/18/2026
519,Melessa,Dadd,mdaddee@oaic.gov.au,diners-club-enroute,201528344492365,Books,44.99,57041 Cambridge Crossing,20260,DC,Elegant Maxi Skirt,8/14/2026
520,Merell,Grandham,mgrandhamef@fastcompany.com,americanexpress,374288885384528,Garden,1.99,485 Nelson Road,96845,HI,Almond Butter Crunch Bar,2/7/2026
521,Shurwood,Marston,smarstoneg@stanford.edu,mastercard,5007666420322919,Home,3.99,2183 Westport Park,85246,AZ,Vegan Caesar Dressing,3/10/2026
522,Alberik,Dugald,adugaldeh@arstechnica.com,diners-club-enroute,201527045190377,Garden,3.99,55358 Eggendart Road,77288,TX,Honey Almond Granola Bars,3/14/2026
523,Addia,Krier,akrierei@answers.com,mastercard,5100141835989898,Shoes,39.99,17079 Porter Plaza,79105,TX,Kitchen Knife Sharpening System,5/3/2026
524,Emmaline,Matskevich,ematskevichej@over-blog.com,switch,5641821115199864,Sports,19.99,95243 Killdeer Avenue,77075,TX,Pet Grooming Brush,9/2/2025
525,Louisette,Bowhay,lbowhayek@geocities.com,switch,491164686033323238,Baby,19.99,82 Blue Bill Park Hill,38119,TN,LED Disco Ball Light,7/24/2026
526,Phillipp,Demchen,pdemchenel@cloudflare.com,bankcard,5602216046061936,Garden,5.99,939 Grim Court,66205,KS,Chocolate Fudge Ice Cream,12/2/2025
527,Orrin,Gauge,ogaugeem@economist.com,americanexpress,374288323167832,Health,15.99,86859 Oakridge Crossing,84140,UT,Potting Soil,4/25/2026
528,Jenilee,Baggelley,jbaggelleyen@go.com,diners-club-enroute,201745889475510,Grocery,34.99,08095 Heath Place,46805,IN,Wall-Mounted Organizer,2/26/2026
529,Tonie,Golland,tgollandeo@uol.com.br,diners-club-enroute,201951352872130,Electronics,24.99,5220 Hovde Circle,22036,VA,Comfortable Bed Pillow,4/21/2026
530,Willem,Bowsher,wbowsherep@redcross.org,diners-club-enroute,201413142854183,Grocery,4.49,05 Village Center,20067,DC,Kale & Quinoa Salad Mix,2/17/2026
531,Tiffy,Sealy,tsealyeq@fastcompany.com,americanexpress,371394361443656,Sports,5.99,959 Bunting Street,80951,CO,Almond Quinoa Salad,10/13/2025
532,Damian,Shewan,dshewaner@sphinn.com,switch,4936570396196382447,Movies,49.99,15 Almo Way,46857,IN,Fishing Rod,5/14/2026
533,Frederick,Ruthven,fruthvenes@bbb.org,visa,4041599498219,Kids,2.29,8731 Starling Alley,80905,CO,Pineapple Chunks (canned),1/5/2026
534,Ginelle,Bastin,gbastinet@ucsd.edu,visa,4017954923686,Toys,4.99,83246 Ronald Regan Place,73071,OK,Truffle Parmesan Fries,3/24/2026
535,Rena,Rudolph,rrudolpheu@g.co,diners-club-us-ca,5525955134449982,Music,24.99,60556 Mockingbird Road,33499,FL,Pet Food Storage Container,12/5/2025
536,Van,Whiley,vwhileyev@va.gov,americanexpress,374288932211773,Jewelry,25.99,16 Norway Maple Court,92812,CA,Glass Water Bottle,4/18/2026
537,Elbert,Scarasbrick,escarasbrickew@tripadvisor.com,china-unionpay,560224158309778685,Tools,29.99,033 Hanover Trail,33758,FL,LED Christmas Lights,6/26/2026
538,Desi,Pettit,dpettitex@ucoz.com,jcb,3567056959982688,Toys,2.99,5 Old Gate Park,75605,TX,Classic Bagels,7/25/2026
539,Deana,Corser,dcorserey@pinterest.com,instapayment,6372869011636698,Baby,1.99,4698 Messerschmidt Way,20892,MD,Coconut Cream Pie Yogurt,3/24/2026
540,Esta,Speir,espeirez@discuz.net,switch,4903905815311154,Jewelry,39.99,1218 Maryland Plaza,20016,DC,Memory Foam Pillow,11/28/2025
541,Dory,Lovemore,dlovemoref0@ed.gov,mastercard,5100175901958643,Jewelry,2.99,14765 Hoard Street,77554,TX,Organic Whole Wheat Flour,3/25/2026
542,Deane,Scatchar,dscatcharf1@myspace.com,visa,4041373155247665,Computers,29.99,5 Grim Circle,93399,CA,Electric Air Pump,6/27/2026
543,Annice,Hoggan,ahogganf2@opera.com,jcb,3555628212985916,Kids,6.99,77 Lunder Alley,20816,MD,Coconut Milk Ice Cream,1/24/2026
544,Markus,Cowgill,mcowgillf3@about.com,bankcard,5602251022174460,Music,79.99,25564 Messerschmidt Court,64054,MO,Compact Portable Grill,7/29/2026
545,Alex,Blackly,ablacklyf4@wikia.com,jcb,3534157822833304,Movies,3.99,92012 Maryland Avenue,96835,HI,Buffalo Wing Sauce,12/4/2025
546,Lotti,Levitt,llevittf5@squarespace.com,visa,4041596748849833,Clothing,2.99,30872 Blue Bill Park Crossing,63136,MO,Flavored Popcorn Mix,9/18/2025
547,Maurizio,Fraine,mfrainef6@admin.ch,visa,4283435765407,Computers,29.99,8 Pearson Crossing,92176,CA,Bicycle Lock,2/6/2026
548,Asher,Dorcey,adorceyf7@netvibes.com,solo,6334548338041040635,Books,34.99,39220 Hudson Junction,90076,CA,LED Christmas Tree Lights,2/7/2026
549,Florenza,MacAughtrie,fmacaughtrief8@irs.gov,china-unionpay,560224431102660669,Clothing,3.49,39 Gerald Trail,14215,NY,Whole Grain Mustard,9/22/2025
550,Karrie,Humpatch,khumpatchf9@weebly.com,china-unionpay,5602218842155896,Industrial,8.99,56935 Anderson Way,55146,MN,Honey Mustard Chicken Breasts,11/8/2025
551,Hermy,Wharrier,hwharrierfa@usnews.com,china-unionpay,5602251092795079,Beauty,24.99,28136 Onsgard Crossing,33190,FL,Pet Safety Harness,12/12/2025
552,Aube,Disbury,adisburyfb@merriam-webster.com,maestro,5893679965940048249,Automotive,24.99,98 Columbus Crossing,75799,TX,Silicone Baking Mat Set,2/23/2026
553,Genevra,McClosh,gmccloshfc@marketwatch.com,americanexpress,337941109816321,Clothing,3.29,596 Vernon Trail,87201,NM,Maple Glazed Carrots,1/17/2026
554,Loretta,Flight,lflightfd@cnbc.com,americanexpress,374288673577234,Toys,19.99,56255 Kingsford Center,20883,MD,Customizable Photo Calendar,10/18/2025
555,Kipp,Martensen,kmartensenfe@oaic.gov.au,bankcard,5602224931677501,Sports,10.99,376 Warbler Circle,29615,SC,Reusable Coffee Filter,4/8/2026
556,Ferdy,Melmoth,fmelmothff@tamu.edu,china-unionpay,5602259441822396323,Clothing,59.99,73739 Scofield Street,89519,NV,Window Blinds,10/13/2025
557,Vikky,Prest,vprestfg@accuweather.com,visa,4017958747792,Garden,34.99,5023 Corscot Road,92844,CA,High-Quality Yoga Mat,10/31/2025
558,Blake,Casley,bcasleyfh@ustream.tv,diners-club-us-ca,5472454734907972,Games,3.49,8144 Oxford Terrace,90035,CA,Salsa,11/12/2025
559,Doloritas,Haack,dhaackfi@moonfruit.com,americanexpress,377867299785441,Games,2.99,127 Mesta Lane,80262,CO,Pumpkin Puree,10/24/2025
560,Leighton,Cathery,lcatheryfj@ftc.gov,switch,4911244602973697645,Beauty,22.99,1 Prairieview Terrace,30368,GA,Herb Drying Rack,9/26/2025
561,Betteanne,Minard,bminardfk@typepad.com,solo,6767106455266705,Garden,24.99,278 Sutteridge Park,90189,CA,Slim Wallet,2/25/2026
562,Sheree,Karppi,skarppifl@instagram.com,diners-club-enroute,201906291620016,Games,18.99,35 Upham Alley,89550,NV,Plant-Based Meal Prep Containers,9/26/2025
563,Den,Gartenfeld,dgartenfeldfm@dropbox.com,china-unionpay,56106049332288366,Shoes,3.49,422 Algoma Junction,50310,IA,Sweet Chili Thai Sauce,9/3/2025
564,Clerc,Lovering,cloveringfn@dailymail.co.uk,americanexpress,374622872769814,Automotive,39.99,8686 Fairview Road,07522,NJ,Antique Style Clock,1/6/2026
565,Juliet,Mithon,jmithonfo@clickbank.net,diners-club-international,36992593899368,Electronics,49.99,1959 Ridgeway Place,46862,IN,Self-Cleaning Water Bottle,10/13/2025
566,Constantine,Macer,cmacerfp@discovery.com,visa,4041372911594,Home,9.99,2 Lotheville Crossing,94177,CA,Collapsible Camping Cup,6/27/2026
567,Marianna,Ellams,mellamsfq@parallels.com,jcb,3532727923197346,Games,34.99,9194 Ryan Place,44321,OH,Bamboo Cutting Board Set,2/14/2026
568,Augustus,Veregan,avereganfr@vinaora.com,americanexpress,347720665443110,Home,99.99,41 Buhler Circle,68197,NE,Infrared Space Heater,12/4/2025
569,Win,Dowsey,wdowseyfs@bbb.org,diners-club-us-ca,5488052404019417,Health,2.49,835 Beilfuss Park,29615,SC,Whole Wheat Pasta,8/6/2026
570,Barclay,Barnbrook,bbarnbrookft@sourceforge.net,mastercard,5100146632372909,Garden,3.29,72 Vidon Street,77045,TX,Spicy Thai Chili Sauce,12/23/2025
571,Rodina,Blanch,rblanchfu@wired.com,americanexpress,374622096731632,Toys,2.99,05 Comanche Hill,65105,MO,Honey Butter Popcorn,5/19/2026
572,Vin,Kirkness,vkirknessfv@theatlantic.com,mastercard,5100146232456342,Toys,54.99,664 Spenser Park,79705,TX,Ripped Boyfriend Jeans,12/19/2025
573,Guillermo,Lumsdall,glumsdallfw@shinystat.com,bankcard,5602248983165461,Jewelry,29.99,724 Monica Park,79171,TX,Coffee Subscription Service,3/11/2026
574,Broddie,Stokoe,bstokoefx@loc.gov,bankcard,5602222636445133,Movies,14.99,7 Randy Junction,33731,FL,Pet Hair Vacuum Cleaner Attachment,12/29/2025
575,Adrianna,Witheridge,awitheridgefy@seattletimes.com,instapayment,6399098850461609,Tools,3.49,17 Veith Pass,70129,LA,Brussels Sprouts,2/4/2026
576,Allyn,Courson,acoursonfz@prweb.com,maestro,5018317498952610,Computers,39.99,31 Pepper Wood Circle,11854,NY,Waffle Maker,2/4/2026
577,Jack,Wyness,jwynessg0@cdbaby.com,diners-club-enroute,201938502701954,Books,22.99,0 Vernon Avenue,27110,NC,Travel Pillow,8/11/2026
578,Starr,Leverett,sleverettg1@intel.com,solo,6767053152797691,Health,2.99,91457 Scott Trail,19160,PA,Pita Bread,4/10/2026
579,Keriann,Hawtry,khawtryg2@vk.com,switch,6331102060415297,Computers,89.99,05778 Kropf Hill,40256,KY,Ankle Boots,2/16/2026
580,Melantha,Grafham,mgrafhamg3@addthis.com,diners-club-us-ca,5410275966937303,Clothing,3.39,14 Stone Corner Terrace,34135,FL,Honey-Balsamic Vinaigrette,12/14/2025
581,Theodosia,Hicks,thicksg4@github.com,visa,4017951884485,Computers,3.99,45931 Pond Alley,99205,WA,Sweet Potato Fries,2/15/2026
582,Noble,Elan,nelang5@loc.gov,bankcard,5602218914864540,Electronics,4.99,12644 Lawn Crossing,55417,MN,Coconut Macaroons,9/9/2025
583,Mallorie,Bisseker,mbissekerg6@stumbleupon.com,china-unionpay,560221435127844565,Music,8.99,02161 Mallard Plaza,45296,OH,Multi-Purpose Scissors,10/28/2025
584,Germana,Caldairou,gcaldairoug7@theatlantic.com,china-unionpay,5602235455293319,Books,5.49,4175 Blue Bill Park Parkway,64190,MO,Garlic & Herb Goat Cheese,1/23/2026
585,Carlin,Disbury,cdisburyg8@walmart.com,bankcard,5602255650312375,Home,5.79,3403 Nova Place,77554,TX,Coconut Curry Lentils,4/5/2026
586,Henrietta,Mylechreest,hmylechreestg9@wired.com,diners-club-enroute,201724023494562,Clothing,6.99,4 Sage Pass,20530,DC,Buffalo Cauliflower Wings,3/20/2026
587,Konstanze,Egalton,kegaltonga@rediff.com,china-unionpay,560223849779757966,Toys,10.99,37026 Warrior Place,80223,CO,Dog Frisbee Toy,11/1/2025
588,Jesus,Aulds,jauldsgb@yellowbook.com,solo,676788307568611739,Electronics,3.29,8204 Dryden Road,32244,FL,Rainbow Veggie Chips,1/7/2026
589,Clair,Schwandermann,cschwandermanngc@washingtonpost.com,china-unionpay,560222692278139059,Beauty,29.99,554 Commercial Junction,75353,TX,Compressible Packing Cubes,3/20/2026
590,Cory,Cruddace,ccruddacegd@blinklist.com,diners-club-international,36253662672172,Jewelry,2.29,552 Comanche Parkway,36205,AL,Rice Cakes,5/9/2026
591,Georgetta,Dorsett,gdorsettge@google.de,mastercard,5269160143872940,Books,8.99,8232 Meadow Ridge Plaza,95813,CA,Garlic Butter Shrimp,11/18/2025
592,Birdie,Lowensohn,blowensohngf@prnewswire.com,switch,5641820459719188,Jewelry,5.29,6 Hansons Hill,55402,MN,Peanut Butter Protein Balls,7/1/2026
593,Lothaire,Prendergrast,lprendergrastgg@technorati.com,switch,4903536033302474783,Kids,59.99,49774 Warrior Court,50320,IA,Electric Razor,1/23/2026
594,Myca,Keford,mkefordgh@engadget.com,visa,4017959104125927,Shoes,6.99,75858 Hazelcrest Avenue,92110,CA,Berries Medley,2/6/2026
595,Tabb,Bradnick,tbradnickgi@princeton.edu,instapayment,6381372097273212,Grocery,34.99,7855 Drewry Point,92519,CA,Breezy Off-The-Shoulder Top,11/25/2025
596,Emile,Buzzing,ebuzzinggj@oracle.com,china-unionpay,5602236834913833,Automotive,59.99,5 Judy Lane,64160,MO,Survival Gear Kit,9/5/2025
597,Rora,Brignell,rbrignellgk@usa.gov,bankcard,5602229229484957,Movies,5.49,21696 Becker Street,63167,MO,Organic Granola,1/19/2026
598,Adi,Parken,aparkengl@elpais.com,diners-club-us-ca,5422152261822462,Baby,1.89,1 Hudson Parkway,62718,IL,Pasta (Linguine),11/7/2025
599,Thorstein,Chippindale,tchippindalegm@linkedin.com,switch,633326062682547265,Industrial,6.49,08700 Springs Alley,93584,CA,Savory Breakfast Sausage,5/6/2026
600,Fallon,Mawford,fmawfordgn@boston.com,maestro,5020845035746075,Kids,2.09,3606 Redwing Alley,92844,CA,Chili Powder,1/30/2026
601,Mariellen,Wenman,mwenmango@twitter.com,diners-club-international,36980615324630,Baby,2.29,0 Ludington Park,31190,GA,Egg Noodles,3/3/2026
602,Lionel,MacGillivrie,lmacgillivriegp@vkontakte.ru,switch,633110297585562942,Shoes,4.99,78 Waxwing Road,02745,MA,Brownie Bites,1/13/2026
603,Julian,Welberry,jwelberrygq@mayoclinic.com,americanexpress,374288462014969,Sports,7.99,71 Daystar Trail,02142,MA,Spaghetti and Meatball Dinner Kit,1/25/2026
604,Eugene,Wilcot,ewilcotgr@engadget.com,instapayment,6382864203385418,Tools,34.99,5598 Nobel Center,19104,PA,Camping Lantern,2/16/2026
605,Kip,Keddie,kkeddiegs@xinhuanet.com,mastercard,5117270218799110,Tools,6.99,1544 Hallows Hill,45264,OH,Coconut Milk Ice Cream,3/5/2026
606,Katusha,Kingswood,kkingswoodgt@vistaprint.com,solo,6767516983873292777,Sports,2.49,3 Vernon Crossing,33467,FL,Pepper Jack Cheese Sticks,5/11/2026
607,Dick,Pasfield,dpasfieldgu@newyorker.com,diners-club-us-ca,5513862688819681,Games,24.99,353 Nevada Road,97221,OR,Sporty Slide Sandals,9/24/2025
608,Al,Mecozzi,amecozzigv@about.me,diners-club-international,36040806593566,Toys,15.99,371 Summit Drive,91606,CA,Sports Bottle,8/14/2026
609,Fremont,Caser,fcasergw@europa.eu,mastercard,5100137780372536,Industrial,3.79,950 East Trail,90045,CA,Homemade Salsa,12/2/2025
610,Didi,Wadly,dwadlygx@nsw.gov.au,bankcard,5610593559366492,Automotive,89.99,1219 Canary Lane,71161,LA,Chic Jumpsuit,10/18/2025
611,Bayard,Teape,bteapegy@time.com,switch,675935812670627063,Home,19.99,89219 Browning Avenue,90081,CA,Inflatable Party Cooler,2/22/2026
612,Levey,Gladdifh,lgladdifhgz@msu.edu,switch,4903743605546932418,Automotive,34.99,9 Everett Trail,75037,TX,Personalized Cutting Board,3/17/2026
613,Cherlyn,Manna,cmannah0@seesaa.net,diners-club-us-ca,5462377565671668,Computers,29.99,511 Quincy Point,95852,CA,Compact Hair Dryer,11/24/2025
614,Clarabelle,Louca,cloucah1@scientificamerican.com,jcb,3577871078674588,Electronics,4.49,24871 Marquette Point,47905,IN,Kale & Quinoa Salad Mix,2/5/2026
615,Moises,M'Quhan,mmquhanh2@slashdot.org,instapayment,6386302465998921,Clothing,1.99,66 Main Pass,64504,MO,Frozen Mixed Vegetables,1/27/2026
616,Kizzie,Kach,kkachh3@tiny.cc,switch,4911098342317793,Garden,4.29,54 Green Hill,94544,CA,Roasted Garlic,12/7/2025
617,Friederike,De Domenici,fdedomenicih4@biglobe.ne.jp,maestro,6761100979114109,Health,14.99,246 Dakota Alley,19136,PA,Adjustable Yoga Mat Strap,10/27/2025
618,Sheila,Leatherland,sleatherlandh5@blogtalkradio.com,maestro,630483987012271084,Grocery,4.29,80 Bluestem Junction,11205,NY,Spinach Feta Wraps,1/11/2026
619,Wilmar,Kennion,wkennionh6@dot.gov,diners-club-enroute,201459789098725,Toys,79.99,6 Algoma Avenue,32575,FL,Overnight Hiking Backpack,4/28/2026
620,Melisandra,Halwell,mhalwellh7@hostgator.com,americanexpress,374622138830814,Health,5.99,92019 Fallview Road,80925,CO,Ice Cream,10/25/2025
621,Vale,Leppard,vleppardh8@cisco.com,jcb,3575876640629608,Home,5.49,58 Buhler Lane,64153,MO,Organic Coconut Flour,4/11/2026
622,Maribel,Barrack,mbarrackh9@example.com,diners-club-us-ca,5562074588258776,Computers,14.99,3702 8th Road,80930,CO,Bamboo Utensil Set,1/20/2026
623,Tan,Mercik,tmercikha@cdbaby.com,diners-club-us-ca,5423159310171568,Health,29.99,6303 Springs Street,37205,TN,Smart Light Switch,12/6/2025
624,Amos,Klicher,aklicherhb@amazon.co.jp,china-unionpay,56022528050527122,Automotive,79.99,28 Nancy Place,70607,LA,Compact Portable Grill,11/17/2025
625,Milty,Feaks,mfeakshc@so-net.ne.jp,diners-club-enroute,201982722409014,Garden,15.99,525 Lawn Parkway,92410,CA,Luminous Night Light,3/8/2026
626,Cherri,Penni,cpennihd@canalblog.com,americanexpress,374288480675817,Beauty,3.29,19 Fulton Way,11210,NY,Thai Peanut Dressing,1/23/2026
627,Towny,Wybern,twybernhe@google.com.br,instapayment,6383827739664050,Kids,24.99,90378 Johnson Crossing,25336,WV,Cooking Utensil Set,7/6/2026
628,Giavani,Spooner,gspoonerhf@sphinn.com,americanexpress,374288215478560,Garden,29.99,734 Eastlawn Court,97240,OR,Hiking Gaiters,5/21/2026
629,Ray,Peagrim,rpeagrimhg@oakley.com,visa,4041590608378,Electronics,1.99,011 Randy Plaza,74141,OK,Red Lentils,3/10/2026
630,Jesse,Buddle,jbuddlehh@washington.edu,switch,491154354868669165,Baby,39.99,91341 Corry Parkway,92648,CA,Cork Yoga Mat,1/20/2026
631,Therese,Dallan,tdallanhi@ehow.com,mastercard,5100178778049355,Music,3.29,98772 Thierer Avenue,23272,VA,Rainbow Veggie Chips,7/3/2026
632,Torrey,Freddi,tfreddihj@timesonline.co.uk,americanexpress,372301429169099,Health,79.99,5 Sullivan Trail,90189,CA,Classic Black Dress,3/10/2026
633,Nita,Grabham,ngrabhamhk@wp.com,mastercard,5100145627864250,Books,49.99,9297 Riverside Point,92710,CA,Electric Stir Fry Pan,4/27/2026
634,Brig,Elder,belderhl@joomla.org,bankcard,5602218942845891,Outdoors,4.49,46542 5th Park,10459,NY,Grilled Vegetable Medley,2/25/2026
635,Jaimie,Briscoe,jbriscoehm@altervista.org,china-unionpay,5602247847912977,Sports,14.99,6812 Brentwood Circle,35405,AL,LED Flashing Pet Collar,6/3/2026
636,Anetta,Cantwell,acantwellhn@livejournal.com,instapayment,6395986368847703,Beauty,39.99,5355 Carioca Road,02109,MA,Portable Solar Path Lights,8/1/2026
637,Julianne,Tolley,jtolleyho@acquirethisname.com,maestro,5020662582170454,Electronics,4.99,948 Hollow Ridge Center,25336,WV,Coconut Macaroons,6/3/2026
638,Mandel,Wakely,mwakelyhp@mediafire.com,visa,4041596935395,Electronics,89.99,3 Dryden Trail,33245,FL,Smartphone Gimbal Stabilizer,11/29/2025
639,Collie,Rosberg,crosberghq@macromedia.com,americanexpress,374622037134276,Home,3.99,4833 Nova Place,19178,PA,Spicy Garlic Edamame,12/30/2025
640,Terrell,Whiting,twhitinghr@cloudflare.com,china-unionpay,5610673445815761543,Baby,4.99,02828 5th Point,90610,CA,Spinach and Feta Wraps,4/16/2026
641,Mirabel,Vardey,mvardeyhs@boston.com,switch,493683627790914197,Grocery,3.29,1260 Moulton Crossing,24020,VA,Peanut Butter Pretzel Nuggets,6/24/2026
642,Brander,Woodcock,bwoodcockht@hao123.com,switch,6331107899615702,Shoes,12.99,7 Gerald Trail,79945,TX,Adjustable Skipping Rope,10/30/2025
643,Courtnay,Marner,cmarnerhu@statcounter.com,jcb,3579364837140560,Games,49.99,0 Bellgrove Court,80910,CO,Air Mattress,6/3/2026
644,Dawn,Alcalde,dalcaldehv@gizmodo.com,diners-club-enroute,201478689637937,Industrial,6.49,9 Crescent Oaks Way,94705,CA,Savory Breakfast Sausage,7/19/2026
645,Byron,Skittrall,bskittrallhw@so-net.ne.jp,instapayment,6388189493839641,Automotive,59.99,80992 Straubel Alley,93794,CA,Adjustable Laptop Desk,8/28/2026
646,Cora,Polin,cpolinhx@ucoz.ru,mastercard,5175527280312802,Baby,2.99,96 Hansons Lane,15205,PA,Flavored Instant Oatmeal,1/27/2026
647,Rab,Gellan,rgellanhy@nydailynews.com,switch,4903234733311481894,Sports,3.99,1544 Lakewood Junction,44555,OH,Ginger Turmeric Shots,7/13/2026
648,Elwira,Von Salzberg,evonsalzberghz@reverbnation.com,diners-club-us-ca,5424731154415068,Kids,29.99,67 Jenifer Park,55598,MN,Aeropress Coffee Maker,1/29/2026
649,Deane,Exposito,dexpositoi0@mozilla.com,maestro,589395424862131486,Outdoors,39.99,983 Swallow Avenue,27621,NC,Cork Yoga Mat,1/16/2026
650,Cris,Corinton,ccorintoni1@canalblog.com,diners-club-us-ca,5410091159721077,Music,2.99,5549 Butterfield Crossing,62776,IL,Vegetable Medley,8/6/2026
651,Norrie,McIlmorow,nmcilmorowi2@yellowbook.com,diners-club-enroute,201630529267818,Garden,349.99,198 Ridge Oak Road,33190,FL,Foldable Electric Scooter,10/23/2025
652,Ellie,Huffer,ehufferi3@liveinternet.ru,maestro,0604318476823503535,Jewelry,4.99,473 Burrows Place,63121,MO,Cauliflower Rice Stir-Fry,7/25/2026
653,Marleen,Cowlard,mcowlardi4@marketwatch.com,visa,4454397054391316,Garden,5.79,989 Milwaukee Street,80228,CO,Basmati Rice,3/2/2026
654,Amalita,Counter,acounteri5@twitter.com,visa,4101854751011255,Automotive,3.99,07 Brickson Park Avenue,75246,TX,Pecan Pie Filling,3/16/2026
655,Erastus,Eltune,eeltunei6@vkontakte.ru,diners-club-enroute,201862060405891,Jewelry,6.99,65 Ludington Road,33961,FL,Chicken Sausage,9/11/2025
656,Jobie,Schruyers,jschruyersi7@smh.com.au,bankcard,5602218911048691,Industrial,3.69,3 Helena Trail,85311,AZ,Indian Curry Sauce,7/19/2026
657,Daffie,Ungerechts,dungerechtsi8@lycos.com,solo,6767094990228354574,Sports,4.19,84564 Lakeland Street,92619,CA,Pumpkin Pancake Mix,10/12/2025
658,Elysia,Lashley,elashleyi9@gnu.org,maestro,060469046094134856,Shoes,39.99,2 Westend Court,92013,CA,Infrared Thermometer,6/21/2026
659,Daniella,O'Towey,dotoweyia@quantcast.com,instapayment,6398379273093869,Home,3.99,8 Northridge Court,95828,CA,Red Lentil Pasta,5/17/2026
660,Manon,Hoston,mhostonib@biglobe.ne.jp,diners-club-enroute,201966864331284,Computers,5.99,968 Brentwood Parkway,68531,NE,Organic Quinoa Salad,7/2/2026
661,Muffin,Haycock,mhaycockic@latimes.com,bankcard,5610420260176335,Health,39.99,29 Grasskamp Avenue,19125,PA,High-Pressure Handheld Shower Head,12/7/2025
662,Neely,Rait,nraitid@economist.com,bankcard,5602215206607264,Automotive,39.99,492 Hooker Avenue,45213,OH,Floral Summer Dress,9/14/2025
663,Waylin,Scole,wscoleie@oakley.com,china-unionpay,5602243503228204614,Baby,2.49,964 Emmet Lane,98424,WA,Smashed Avocado with Lime,7/16/2026
664,Hugibert,Faraker,hfarakerif@gizmodo.com,diners-club-enroute,201738697744599,Sports,5.99,703 Fieldstone Point,94126,CA,Baked Falafel Balls,6/5/2026
665,Ignazio,Petett,ipetettig@hexun.com,instapayment,6392784150645267,Movies,39.99,35882 Meadow Ridge Hill,44321,OH,Solar Garden Lights,10/18/2025
666,Vitoria,Oswick,voswickih@nationalgeographic.com,maestro,5018944628264017843,Kids,4.29,5011 Calypso Alley,90081,CA,Spinach Feta Wraps,7/12/2026
667,Willette,Peart,wpeartii@wikispaces.com,mastercard,5007660074867832,Kids,2.49,44991 Claremont Circle,46852,IN,Corn Tortillas,7/4/2026
668,Dani,Longwood,dlongwoodij@wordpress.com,americanexpress,376137937328538,Home,5.49,42 Pennsylvania Junction,14210,NY,Cheesy Cauliflower Bake,5/4/2026
669,Marie-ann,Bending,mbendingik@biblegateway.com,visa,4041597762604930,Home,129.99,32 Burning Wood Court,29319,SC,Lightweight Backpacking Tent,9/28/2025
670,Valma,Plowes,vplowesil@weibo.com,americanexpress,337941525950977,Shoes,39.99,13 Birchwood Street,22908,VA,Portable Speaker Stand,7/20/2026
671,Farley,Physick,fphysickim@bigcartel.com,visa,4041378738077000,Books,15.99,7291 Michigan Park,85053,AZ,Green Tea Matcha Powder,9/13/2025
672,Kate,Sexty,ksextyin@multiply.com,solo,6767938347096720,Music,4.79,418 Bartelt Trail,23605,VA,Spicy Kimchi,4/18/2026
673,Amabelle,Wolledge,awolledgeio@storify.com,switch,490583952478651672,Clothing,4.99,83308 Meadow Valley Point,64109,MO,Roasted Garlic Pasta Sauce,4/11/2026
674,Dex,Larroway,dlarrowayip@icio.us,bankcard,5602254831387125,Garden,14.99,488 Maywood Street,32575,FL,Portable Phone Mug Holder,3/27/2026
675,Theodora,Mariaud,tmariaudiq@mail.ru,mastercard,5373585232901692,Garden,23.99,2868 Comanche Point,91616,CA,Biodegradable Phone Case,6/30/2026
676,Marcus,Proud,mproudir@vkontakte.ru,diners-club-enroute,201544975935754,Baby,3.99,7423 Upham Hill,80217,CO,Fresh Strawberries,2/8/2026
677,Kellen,McCoid,kmccoidis@mac.com,diners-club-international,36810233492719,Jewelry,45.99,6629 Lakewood Gardens Road,48550,MI,Portable Charger with Solar Panel,12/24/2025
678,Homer,McInulty,hmcinultyit@opera.com,mastercard,5100146804987187,Grocery,3.29,4706 Debs Avenue,59105,MT,Low-Fat Yogurt,5/8/2026
679,Hetty,Winch,hwinchiu@stanford.edu,diners-club-enroute,201526412130057,Automotive,199.99,058 Packers Place,89519,NV,Compact Refrigerator,3/7/2026
680,Hoebart,Philbrook,hphilbrookiv@gizmodo.com,diners-club-enroute,201632459177603,Kids,8.49,7 Sauthoff Terrace,35895,AL,Italian Meatballs,9/4/2025
681,Jarrad,Meneer,jmeneeriw@seesaa.net,instapayment,6380515833819661,Kids,39.99,469 Michigan Trail,75397,TX,Pet Water Fountain with Filtration,7/29/2026
682,Coral,Scarsbrook,cscarsbrookix@time.com,jcb,3578907481139584,Tools,4.49,2 Scott Circle,20337,DC,Cinnamon Rolls,9/16/2025
683,Kirsteni,Fritschel,kfritscheliy@usa.gov,diners-club-us-ca,5404778478979935,Baby,49.99,20 Morning Street,25389,WV,Stainless Steel BBQ Grill Set,9/4/2025
684,Val,Bernaciak,vbernaciakiz@ebay.com,instapayment,6390388417145301,Computers,99.99,723 Cambridge Place,20220,DC,Mechanical Keyboard,8/11/2026
685,Noelani,Roskelly,nroskellyj0@over-blog.com,switch,493643082328215460,Outdoors,299.99,0 Prairie Rose Trail,37450,TN,Wireless Security System,7/31/2026
686,Maurita,Hurring,mhurringj1@patch.com,bankcard,5610223499665312,Home,49.99,14 Ohio Circle,11205,NY,Portable Bluetooth Speaker,12/26/2025
687,Erinna,Poulson,epoulsonj2@webnode.com,diners-club-us-ca,5548734931898052,Books,7.49,156 Arizona Center,61709,IL,Lemon Herb Chicken,2/7/2026
688,Hilliard,Turneaux,hturneauxj3@altervista.org,diners-club-enroute,201510311044122,Shoes,29.99,8 Coolidge Plaza,35487,AL,Under Desk Footrest,5/3/2026
689,Rolland,Stoffers,rstoffersj4@oaic.gov.au,diners-club-international,36102081238513,Garden,199.99,923 Rowland Pass,93773,CA,Smartwatch,12/15/2025
690,Amye,Hindenburg,ahindenburgj5@elegantthemes.com,solo,6334207335228943880,Health,8.49,6176 Dahle Court,06859,CT,Walnut Halves,5/13/2026
691,Eda,Adamiec,eadamiecj6@surveymonkey.com,diners-club-enroute,201573378579570,Toys,2.99,3 Carpenter Park,85025,AZ,Sweet Chili Dipping Sauce,12/28/2025
692,Candace,Enbury,cenburyj7@mail.ru,jcb,3580811865893699,Shoes,39.99,0518 Vahlen Place,32220,FL,Pet Travel Carrier,7/12/2026
693,Germana,Norheny,gnorhenyj8@ed.gov,solo,633489374876947117,Outdoors,49.99,3 Hoard Court,27621,NC,Compact Folding Table,2/8/2026
694,Killian,Offener,koffenerj9@webs.com,jcb,3535876610136955,Health,39.99,683 Hayes Place,57188,SD,Crew Neck Sweater,7/1/2026
695,Alexia,McLucas,amclucasja@marketwatch.com,diners-club-us-ca,5488574025136684,Grocery,6.49,98529 Northfield Drive,44111,OH,Vegetable Pizza Rolls,3/2/2026
696,Bordie,McCarl,bmccarljb@who.int,bankcard,5602252673776652,Music,129.99,36579 Warrior Center,60351,IL,Luxury Memory Foam Mattress Topper,8/1/2026
697,Katherine,Renard,krenardjc@ask.com,diners-club-international,36159675479861,Beauty,10.99,6 Park Meadow Parkway,03105,NH,Pork Tenderloin,4/25/2026
698,Brew,Khomishin,bkhomishinjd@ucsd.edu,maestro,5020570544147033,Games,5.49,648 Norway Maple Court,95397,CA,Frozen Berry Medley,6/15/2026
699,Bobette,Parkyns,bparkynsje@pagesperso-orange.fr,diners-club-international,36980851869181,Beauty,2.99,67 Nelson Court,80930,CO,Sunflower Seeds,1/25/2026
700,Robinett,Petrelli,rpetrellijf@cdc.gov,bankcard,5602256143055068,Garden,6.99,91 Acker Trail,37931,TN,Oven-Baked Chicken Tenders,10/19/2025
701,Ax,Nicolson,anicolsonjg@webs.com,maestro,0604409894596376915,Jewelry,15.99,88 Colorado Avenue,87110,NM,Indestructible Dog Toy,8/1/2026
702,Ruperta,Fould,rfouldjh@tripadvisor.com,diners-club-enroute,201464838492523,Shoes,8.49,8 Dayton Alley,62205,IL,Honey Garlic Chicken,9/25/2025
703,Raynor,Cantwell,rcantwellji@reverbnation.com,diners-club-enroute,201548337003672,Garden,24.99,7964 1st Point,31410,GA,Magnetic Puzzle Board,4/3/2026
704,Benny,Cadlock,bcadlockjj@pcworld.com,switch,4905421692314354813,Books,4.29,47 Bowman Place,72222,AR,Spinach Feta Wraps,3/31/2026
705,Neils,Tasseler,ntasselerjk@japanpost.jp,solo,676734171481703212,Home,199,42901 Farwell Lane,60624,IL,Video Camera,2/19/2026
706,Rice,Butland,rbutlandjl@pen.io,jcb,3555160199352803,Automotive,39.99,04501 5th Place,02208,MA,Wall-Mounted Spice Rack,5/22/2026
707,Andra,Wooderson,awoodersonjm@addthis.com,visa,4070972379340,Computers,4.99,670 Sage Court,80127,CO,Herbal Tea Variety Pack,5/7/2026
708,Latia,Yakunkin,lyakunkinjn@wordpress.org,diners-club-enroute,201947428486335,Jewelry,99.99,53 High Crossing Road,30386,GA,Tattoo Kit,7/8/2026
709,Wendye,Lindsell,wlindselljo@live.com,solo,6767793782239705488,Beauty,2.99,18 Texas Road,88563,TX,Banana Nut Oatmeal Cups,10/24/2025
710,Pepito,Kilgallon,pkilgallonjp@cargocollective.com,china-unionpay,560225068889912746,Clothing,4.99,57058 Clyde Gallagher Parkway,62718,IL,Honey Roasted Almonds,7/29/2026
711,Cchaddie,Clace,cclacejq@csmonitor.com,jcb,3568245906127526,Music,6.49,4964 Algoma Street,32230,FL,Vegetable Korma,5/5/2026
712,Guthry,Huncoot,ghuncootjr@vimeo.com,maestro,501823152536597983,Toys,22.99,44 Schurz Point,78220,TX,Travel Organizer,9/14/2025
713,Rem,Czajkowska,rczajkowskajs@mozilla.org,mastercard,5100148118439301,Computers,39.99,5716 Morningstar Crossing,37931,TN,Smart Water Bottle with Hydration Reminder,8/9/2026
714,Jeramey,Carmody,jcarmodyjt@huffingtonpost.com,bankcard,5602238420316520,Clothing,39.99,40780 Fair Oaks Terrace,85099,AZ,Garden Tool Set with Carrying Bag,10/25/2025
715,Cynthea,Prichard,cprichardju@yale.edu,switch,4903102449603087,Jewelry,14.99,243 Holy Cross Road,29905,SC,Scent Diffuser Oil,11/7/2025
716,Cletus,Monck,cmonckjv@dot.gov,maestro,676170434878857145,Kids,29.99,19591 Dovetail Crossing,92648,CA,Portable Solar Phone Charger,3/1/2026
717,Annmarie,Le Ball,aleballjw@dagondesign.com,solo,6334190937077884,Toys,3.49,62994 Atwood Lane,20503,DC,Classic Caesar Dressing,12/21/2025
718,Rutledge,Norsister,rnorsisterjx@go.com,maestro,6304899894443410,Home,34.99,44 Sloan Junction,80015,CO,Outdoor Mosquito Repellent Lantern,1/3/2026
719,Sascha,Fer,sferjy@sitemeter.com,diners-club-enroute,201401055291048,Baby,59.99,85 Forest Crossing,44710,OH,Foot Massager Machine,8/15/2026
720,Emmy,Grimsdike,egrimsdikejz@google.ru,china-unionpay,5610417910594500595,Computers,149.99,9 Pankratz Road,75372,TX,Adjustable Bar Stools,10/5/2025
721,Edgard,Wrefford,ewreffordk0@ustream.tv,americanexpress,337941742149486,Baby,9.99,8 Swallow Park,53220,WI,Herbal Tea Infuser,11/21/2025
722,Teddy,Bowld,tbowldk1@list-manage.com,solo,6334162356508962,Automotive,34.99,5206 Autumn Leaf Drive,07305,NJ,Running Shorts,8/30/2026
723,Westbrook,Leftwich,wleftwichk2@state.tx.us,maestro,5018399181881454,Sports,15.99,87 Scofield Street,11210,NY,Beef Sirloin Steak,2/9/2026
724,Olenka,Currington,ocurringtonk3@forbes.com,bankcard,5602235586589148,Sports,8.99,41346 Glendale Alley,19151,PA,Garlic Parmesan Wings,12/30/2025
725,Sibelle,Playdon,splaydonk4@tinypic.com,switch,6333056370123428731,Jewelry,4.99,23 Green Ridge Alley,22225,VA,Spinach Pizza Rolls,12/1/2025
726,Tades,O'Deegan,todeegank5@ustream.tv,diners-club-enroute,201425883772671,Garden,2.99,95735 Daystar Place,76205,TX,Coconut Chia Seed Pudding,3/26/2026
727,Etti,Bollen,ebollenk6@t-online.de,americanexpress,345862519900168,Home,19.99,62429 Montana Place,18018,PA,Children's Educational Puzzle,6/25/2026
728,Angelique,Pedro,apedrok7@miibeian.gov.cn,instapayment,6377581803665927,Books,29.99,1 Fair Oaks Pass,80915,CO,Hand Mixer,9/7/2025
729,Drew,Boanas,dboanask8@hubpages.com,instapayment,6381131616445085,Toys,4.79,394 Manitowish Place,18514,PA,Spicy Kimchi,9/29/2025
730,Codi,Biesty,cbiestyk9@amazonaws.com,diners-club-enroute,201826039840819,Games,2.99,4 Caliangt Street,78215,TX,Mini Pretzels,3/22/2026
731,Wyndham,Vigrass,wvigrasska@google.com.hk,diners-club-us-ca,5541263135680576,Electronics,3.29,24638 Fisk Court,77806,TX,Honey Graham Crackers,6/28/2026
732,Tiebold,Playfoot,tplayfootkb@bbc.co.uk,china-unionpay,56102366159208382,Music,15.99,0 Talisman Lane,06183,CT,Silicone Baking Mat,10/11/2025
733,Addy,Webby,awebbykc@ihg.com,bankcard,5602245294574373,Computers,3.49,7 Northwestern Alley,33283,FL,Black Bean Salsa,4/28/2026
734,Nonnah,Burridge,nburridgekd@i2i.jp,diners-club-enroute,201421780032046,Outdoors,24.99,2403 Summit Park,77276,TX,Cooking Utensil Set,6/29/2026
735,Antonetta,Medeway,amedewayke@eventbrite.com,diners-club-international,36279835112812,Beauty,39.99,5047 Commercial Center,92121,CA,Ceramic Knife Set,10/3/2025
736,Raquela,Rouge,rrougekf@ocn.ne.jp,jcb,3572432359536874,Tools,4.29,56651 Nova Way,35279,AL,Sweet Potato Tots,11/16/2025
737,Lianne,Dahlen,ldahlenkg@t-online.de,instapayment,6389806652627975,Games,119.99,16 Paget Pass,39282,MS,Noise-Canceling Headphones,5/15/2026
738,Emmye,Momery,emomerykh@nymag.com,switch,490330855320073506,Shoes,19.99,01 Hauk Court,15134,PA,Stainless Steel Travel Mug,6/16/2026
739,Petronia,Cockling,pcocklingki@example.com,mastercard,5100171226103379,Automotive,14.99,3 Bobwhite Street,96835,HI,Safety Goggles,3/30/2026
740,Winny,Leveritt,wleverittkj@nymag.com,instapayment,6378066954063865,Industrial,24.99,53 Amoth Crossing,18514,PA,Fishing Tackle Box,3/18/2026
741,Lidia,Schustl,lschustlkk@soup.io,mastercard,5581243905303964,Sports,2.99,7859 Pleasure Parkway,79968,TX,Pumpkin Puree,10/14/2025
742,Ravid,Venton,rventonkl@ycombinator.com,americanexpress,374622192899689,Music,3.49,0 Evergreen Alley,84140,UT,Black Bean Salsa,5/27/2026
743,Vernen,Whenman,vwhenmankm@ning.com,china-unionpay,56022336747749749,Beauty,24.99,1 Mendota Crossing,45020,OH,Travel Orthopedic Pillow,5/24/2026
744,Tamiko,Halsho,thalshokn@vistaprint.com,diners-club-international,36060789839612,Home,1.99,7538 Farragut Street,33421,FL,Fruit and Nut Bars,7/28/2026
745,Collete,O'Sesnane,cosesnaneko@altervista.org,diners-club-us-ca,5546178113030526,Health,8.99,433 Hoffman Alley,98417,WA,Garlic Parmesan Wings,3/1/2026
746,Willi,Chretien,wchretienkp@nba.com,instapayment,6371478940628676,Movies,14.99,8340 Tomscot Parkway,19141,PA,Scent Diffuser Oil,8/3/2026
747,Baldwin,Brognot,bbrognotkq@wikipedia.org,visa,4275396760310146,Kids,89.99,16 Schurz Alley,87201,NM,Men's Waterproof Hiking Boots,1/20/2026
748,Mella,Bellefant,mbellefantkr@mit.edu,jcb,3556936335893316,Home,4.79,12096 Nelson Point,78296,TX,Granola,3/28/2026
749,Gerianne,Tidy,gtidyks@phpbb.com,solo,6767765391975912680,Beauty,2.79,04 Morningstar Alley,20046,DC,Sesame Garlic Stir-Fry Sauce,3/4/2026
750,Myriam,Pache,mpachekt@friendfeed.com,bankcard,5602232125116699,Clothing,8.99,10133 Kedzie Junction,48126,MI,Ice Pack,2/12/2026
751,Edwin,Thurner,ethurnerku@weibo.com,visa,4260388220093,Beauty,34.99,80 Jana Drive,68531,NE,Decorative Wall Tapestry,6/7/2026
752,Arv,Bradly,abradlykv@over-blog.com,diners-club-us-ca,5526419130308790,Books,19.99,913 Northland Crossing,80204,CO,Portable UV Sterilizer,3/7/2026
753,Gabriell,Seth,gsethkw@indiegogo.com,diners-club-us-ca,5531540746333220,Baby,29.99,6 Debs Park,06105,CT,Fleece Lined Leggings,10/8/2025
754,Kattie,Sutliff,ksutliffkx@devhub.com,mastercard,5002357645704892,Beauty,2.99,919 Independence Court,02142,MA,Herb Seasoned Croutons,4/9/2026
755,Annetta,Dyos,adyosky@bizjournals.com,instapayment,6377630446206969,Games,3.19,3631 Dixon Center,45296,OH,Sriracha Sauce,8/29/2026
756,Raynell,Bonallack,rbonallackkz@noaa.gov,china-unionpay,5602231030825329,Outdoors,19.99,04430 Manufacturers Junction,50393,IA,Multi-Purpose Marine Rope,7/2/2026
757,Abbi,Depport,adepportl0@about.me,mastercard,5048372919043501,Clothing,3.49,9514 Warrior Park,94257,CA,Black Bean Salsa,11/5/2025
758,Gerrilee,Whitefoot,gwhitefootl1@wisc.edu,bankcard,5602248432490908,Baby,4.49,3374 Tony Way,27409,NC,Granola Cereal,11/14/2025
759,Rasla,Fardy,rfardyl2@amazonaws.com,diners-club-us-ca,5450589395492172,Home,89.99,131 Hintze Hill,75353,TX,Adjustable Height Standing Desk Converter,4/29/2026
760,Gypsy,Jurzyk,gjurzykl3@foxnews.com,diners-club-us-ca,5551893532520061,Sports,45.99,06 Steensland Pass,16510,PA,Casual Long Cardigan,9/5/2025
761,Auguste,Divisek,adivisekl4@irs.gov,maestro,676290272575552238,Home,29.99,71 Lawn Park,76505,TX,Striped Long Sleeve Shirt,8/1/2026
762,Kiele,Mardoll,kmardolll5@alexa.com,switch,6333307952699621,Tools,19.99,3314 Rowland Circle,12325,NY,Premium Flashlight,10/23/2025
763,Sandy,Buston,sbustonl6@clickbank.net,bankcard,5602224391049332,Industrial,7.99,53 Florence Circle,15255,PA,Spaghetti and Meatball Dinner Kit,6/24/2026
764,Sarene,McGaugan,smcgauganl7@theatlantic.com,mastercard,5007666335051041,Beauty,39.99,9 Jenifer Center,70187,LA,Personal Blender,5/26/2026
765,Dennet,Rodder,drodderl8@reuters.com,visa,4160664464037,Games,5.99,50 Harper Drive,78744,TX,Spinach and Cheese Stuffed Shells,3/11/2026
766,Seana,Conklin,sconklinl9@google.co.uk,mastercard,5007666027892496,Computers,2.29,09413 Dottie Way,90094,CA,Vegetable Broth,7/26/2026
767,Salomi,Romayn,sromaynla@photobucket.com,americanexpress,376426299067127,Clothing,5.99,795 Golden Leaf Pass,94280,CA,Chocolate Hazelnut Spread,8/19/2026
768,Nissy,Garr,ngarrlb@tripadvisor.com,china-unionpay,560225731401535515,Outdoors,3.29,0569 Sunfield Point,23520,VA,Chipotle Sauce,2/22/2026
769,Maurizio,Hamil,mhamillc@wp.com,mastercard,5100149763851964,Home,4.29,9598 Colorado Pass,38150,TN,Honey Nut Cheerios,5/24/2026
770,Elvin,Bold,eboldld@craigslist.org,solo,6767539424284673753,Shoes,3.49,0179 Nelson Way,29605,SC,Mango Salsa,5/5/2026
771,Cyrille,Behr,cbehrle@360.cn,diners-club-us-ca,5446274929301945,Kids,22.99,05618 Rowland Point,33448,FL,Pest Control Traps,3/5/2026
772,Glyn,Viegas,gviegaslf@vimeo.com,diners-club-enroute,201446744233125,Sports,7.99,15 Dapin Drive,15250,PA,Pine Nuts,3/22/2026
773,Sigismondo,Robertet,srobertetlg@google.nl,solo,6334028307289206900,Industrial,9.99,2952 Dahle Point,06152,CT,Pet Grooming Gloves,12/18/2025
774,Dawna,Curreen,dcurreenlh@intel.com,diners-club-us-ca,5502483900982364,Toys,3.99,5 North Drive,93150,CA,Raspberry Lemonade Mix,2/15/2026
775,Caryl,Szymonowicz,cszymonowiczli@army.mil,diners-club-international,36574560415954,Industrial,34.99,91723 Steensland Court,73124,OK,Fashionable Belt Bag,10/7/2025
776,Guthry,Tame,gtamelj@nyu.edu,maestro,58939791628739615,Outdoors,49.99,79 Tony Hill,10160,NY,Electric Kettle with Temperature Control,10/25/2025
777,Tessy,Blinman,tblinmanlk@cdc.gov,visa,4231191717096,Industrial,15.99,858 Lyons Hill,71208,LA,Silicone Baking Mat,12/13/2025
778,Alain,Gouldthorpe,agouldthorpell@imdb.com,china-unionpay,56022151144355416,Electronics,2.49,48242 Schiller Parkway,80209,CO,Tuscan Bean Soup,2/2/2026
779,Urbano,Petrelli,upetrellilm@cdc.gov,maestro,06040087274614243,Baby,3.99,203 Nancy Hill,95150,CA,Organic Brown Rice Cakes,7/12/2026
780,Cthrine,Nodes,cnodesln@oakley.com,diners-club-international,36768519064653,Movies,4.19,3 Warrior Trail,55127,MN,Peanut Butter Pretzel Bites,7/20/2026
781,Annie,Coxon,acoxonlo@uiuc.edu,jcb,3585755274270368,Games,4.29,72607 Michigan Lane,45208,OH,Sweet Pea Hummus,7/12/2026
782,Demott,Avramovsky,davramovskylp@columbia.edu,instapayment,6370531652485155,Outdoors,24.99,77 Eliot Point,77201,TX,Folding Pocket Knife,7/24/2026
783,Tabbatha,Bunworth,tbunworthlq@clickbank.net,americanexpress,374622622926516,Books,19.99,31 Bunker Hill Crossing,10125,NY,Dog Walking Waist Pack,4/26/2026
784,Belle,Daspar,bdasparlr@ibm.com,diners-club-us-ca,5425508432884987,Jewelry,3.49,739 Northport Trail,60641,IL,Vegetable Lentil Soup,7/9/2026
785,Monika,Cornely,mcornelyls@nps.gov,solo,676780469059124495,Toys,5.49,047 Melvin Terrace,55480,MN,Organic Granola,1/28/2026
786,Hobart,Eilhermann,heilhermannlt@rambler.ru,americanexpress,337941801321307,Grocery,39.99,36 Kingsford Road,39296,MS,Wireless Gaming Mouse,6/24/2026
787,Carina,Dashwood,cdashwoodlu@bandcamp.com,americanexpress,374283320459639,Computers,3.29,1472 Bartelt Road,10280,NY,Vegetable Stir Fry Mix,12/10/2025
788,Lorie,Cullity,lcullitylv@apple.com,maestro,589308049300981774,Computers,6.99,387 Barnett Point,33994,FL,Chia Seeds,9/20/2025
789,Olympie,Gostage,ogostagelw@icio.us,jcb,3533949759299454,Baby,1.99,25715 Farragut Plaza,98175,WA,Cajun Seasoning,12/30/2025
790,Dorris,Simecek,dsimeceklx@spiegel.de,solo,6334197485748675,Electronics,5.99,61979 Hallows Center,35215,AL,Organic Vanilla Bean Ice Cream,11/16/2025
791,Giraldo,Brauner,gbraunerly@disqus.com,diners-club-international,36366244190735,Grocery,2.49,9 Corry Parkway,66699,KS,Tofu,2/21/2026
792,Malia,Grogona,mgrogonalz@latimes.com,maestro,5893571367557534,Health,2.99,86 Northview Crossing,94089,CA,Coconut Cream,4/11/2026
793,Aubrey,Kield,akieldm0@wufoo.com,diners-club-us-ca,5414627345234420,Baby,19.99,9 Basil Avenue,45218,OH,Children's Gardening Set,1/23/2026
794,Rainer,Leyton,rleytonm1@time.com,diners-club-international,36404561726920,Baby,4.99,4 Pine View Street,89178,NV,Dark Chocolate Almond Butter Cups,1/23/2026
795,Filmore,Paffot,fpaffotm2@usnews.com,solo,6767281182877661029,Automotive,2.99,81 Moose Circle,36622,AL,Flavored Instant Oatmeal,8/23/2026
796,Robin,Coverly,rcoverlym3@barnesandnoble.com,instapayment,6372154163345269,Shoes,89.99,2934 Pleasure Place,77055,TX,Coffee Maker,2/20/2026
797,Betteanne,Soggee,bsoggeem4@symantec.com,jcb,3578029785463360,Clothing,4.49,39656 Grayhawk Pass,02142,MA,Frozen Chicken Nuggets,5/22/2026
798,Zonnya,Utton,zuttonm5@si.edu,mastercard,5100179741163513,Clothing,199.99,4 Leroy Park,66611,KS,Folding Exercise Bike,8/20/2026
799,Demetra,Cheales,dchealesm6@prlog.org,bankcard,5602252944146412,Automotive,39.99,8 Bunker Hill Pass,64144,MO,Lightweight Travel Backpack,10/17/2025
800,Julita,Skyme,jskymem7@4shared.com,maestro,6763981639630168479,Baby,5.99,488 Bayside Way,66642,KS,Spinach and Cheese Stuffed Shells,11/1/2025
801,Irwinn,Bevens,ibevensm8@nifty.com,diners-club-international,36932690596988,Games,3.79,6 Old Shore Alley,10184,NY,Hibiscus Tea Bags,1/9/2026
802,Jone,Baylay,jbaylaym9@unc.edu,instapayment,6396492362143701,Electronics,3.29,4350 Hallows Junction,20062,DC,Vegetable Stir Fry Mix,11/13/2025
803,Mabelle,Nerger,mnergerma@vinaora.com,switch,5641822512707392144,Automotive,19.99,66 Barnett Point,27409,NC,Children's Educational Puzzle,11/30/2025
804,Cassandra,Bradford,cbradfordmb@gmpg.org,jcb,3573011889407597,Clothing,79.99,1350 Corry Pass,79764,TX,Lightweight Rain Jacket,3/3/2026
805,Bea,Harbin,bharbinmc@state.tx.us,instapayment,6372617814956957,Kids,199.99,53691 Westport Trail,06673,CT,Portable Massage Table,11/11/2025
806,Moina,Cathery,mcatherymd@issuu.com,mastercard,5377948746229339,Shoes,3.49,35 Miller Avenue,19605,PA,Almond Crunch Granola Bars,5/23/2026
807,Remus,Feacham,rfeachamme@auda.org.au,mastercard,5100143421561032,Jewelry,49.99,8 Shoshone Road,64101,MO,Cable Knit Cardigan,3/3/2026
808,Quinlan,Zywicki,qzywickimf@gizmodo.com,bankcard,5602217192343284,Outdoors,1.99,38152 Waywood Drive,21405,MD,Italian Herbal Seasoning,4/17/2026
809,Ramsay,MacDougal,rmacdougalmg@shareasale.com,diners-club-us-ca,5425819672360723,Baby,2.29,6714 Sommers Way,44315,OH,Egg Noodles,4/6/2026
810,Raphaela,Bolter,rboltermh@springer.com,china-unionpay,5602234055801175,Automotive,3.99,504 Welch Alley,33758,FL,Vegetable Fried Rice Mix,7/17/2026
811,Tammie,Beels,tbeelsmi@businessinsider.com,maestro,50200246282799263,Beauty,22.99,28289 Mcbride Point,60619,IL,DIY Candle Making Kit,12/8/2025
812,Hale,Bennet,hbennetmj@devhub.com,china-unionpay,56022467062065302,Electronics,12.99,712 Di Loreto Pass,12305,NY,Bamboo Charcoal Air Purifier Bags,8/21/2026
813,Leonora,Ridd,lriddmk@army.mil,maestro,5020244576639081,Books,49.99,29 Thompson Avenue,20535,DC,Backpack,5/5/2026
814,Kevyn,Wyldbore,kwyldboreml@dailymail.co.uk,diners-club-enroute,201540191144171,Shoes,4.29,15 West Court,55573,MN,Vegan Chocolate Cake Mix,9/8/2025
815,Urbain,Corbet,ucorbetmm@sourceforge.net,mastercard,5048370258794239,Shoes,3.29,19 Blackbird Park,85297,AZ,Chocolate Covered Pretzels,6/11/2026
816,Skipp,Clough,scloughmn@parallels.com,visa,4017958771578,Electronics,24.99,3379 Loeprich Place,76110,TX,Pet Training Pads,2/26/2026
817,Sander,Varvell,svarvellmo@barnesandnoble.com,solo,6334732453245617355,Shoes,49.99,40 Village Green Point,32610,FL,Graphic Hoodie,10/29/2025
818,Kingsley,Hounsom,khounsommp@elegantthemes.com,jcb,3587262546328171,Garden,9.99,4 Pepper Wood Road,64130,MO,Collapsible Pet Dog Bowl,8/18/2026
819,Goldi,Corradino,gcorradinomq@histats.com,bankcard,5602241065545304,Electronics,18.99,7119 Charing Cross Lane,33310,FL,Portable Dog Water Bottle,8/7/2026
820,Gertruda,Bidnall,gbidnallmr@sciencedaily.com,visa,4041590656688010,Games,22,73 Spaight Street,33906,FL,Bamboo Cutting Board,1/9/2026
821,Ingrim,Ledster,iledsterms@dion.ne.jp,diners-club-us-ca,5581808109451460,Home,4.99,64832 Lillian Place,20456,DC,Balsamic Glazed Brussels Sprouts,5/7/2026
822,Pieter,Clee,pcleemt@skyrock.com,solo,6767689671923132520,Home,2.29,93 Corben Trail,32259,FL,Hot Salsa,4/23/2026
823,Saxe,Blazy,sblazymu@miitbeian.gov.cn,bankcard,5602215472142202,Toys,5.99,4635 Mandrake Crossing,88574,TX,Vegetable Sushi Rolls,7/25/2026
824,Barbee,Gibbings,bgibbingsmv@geocities.com,jcb,3577842105330189,Clothing,19.99,6976 Lerdahl Road,24040,VA,Portable Air Pump,10/4/2025
825,Nonie,Horney,nhorneymw@about.com,americanexpress,374288772053061,Automotive,1.99,125 East Avenue,20380,DC,Fresh Basil,7/9/2026
826,Pamella,Kinneally,pkinneallymx@nytimes.com,mastercard,5100142742191685,Kids,6.99,88352 Oxford Point,27455,NC,Basil-infused Olive Oil,8/5/2026
827,Rabi,Crimin,rcriminmy@seattletimes.com,maestro,5893088560148803621,Jewelry,4.99,3 Bartelt Avenue,48224,MI,Pumpkin Spice Granola,10/25/2025
828,Orrin,Stanners,ostannersmz@google.fr,solo,633432841701831748,Shoes,29.99,59 Roxbury Park,10270,NY,Comfy Slippers,12/6/2025
829,Ulric,Cleghorn,ucleghornn0@mapquest.com,americanexpress,373170361468564,Home,2.99,77 Kipling Street,78783,TX,Cinnamon Roll Protein Bar,1/4/2026
830,Bernardine,Pauling,bpaulingn1@wix.com,bankcard,5602210469384438,Garden,69.99,61091 Arizona Avenue,02453,MA,Chic Ankle Strap Heels,10/6/2025
831,Neilla,O'Curran,nocurrann2@smh.com.au,visa,4597325833045,Home,199.99,34708 3rd Center,75310,TX,Portable USB-C Monitor,8/20/2026
832,Rockie,Risbridger,rrisbridgern3@archive.org,maestro,67628495021262533,Baby,9.99,612 Hooker Park,65898,MO,Chocolate Raspberry Tart,8/4/2026
833,Hetti,Vamplew,hvamplewn4@edublogs.org,switch,5641823355110483574,Kids,49.99,487 Bay Court,39282,MS,Mini Air Purifier,7/10/2026
834,Gustave,Cottisford,gcottisfordn5@cornell.edu,mastercard,5010128589802897,Toys,24.99,2 Acker Alley,78205,TX,Laptop Sleeve,8/10/2026
835,Bron,Markie,bmarkien6@cloudflare.com,solo,633420212887372879,Beauty,28.99,109 Bashford Court,94263,CA,Window Bird Feeder with Suction Cups,5/9/2026
836,Theresita,Guiness,tguinessn7@marriott.com,maestro,6304125051641913,Kids,79.99,5975 Service Crossing,27425,NC,Portable Massage Gun,8/6/2026
837,Quinlan,Janaud,qjanaudn8@pagesperso-orange.fr,diners-club-us-ca,5449494295686037,Outdoors,1.89,010 Lien Circle,10170,NY,Honeycrisp Apples,4/5/2026
838,Harper,Ropert,hropertn9@toplist.cz,jcb,3567346092332713,Sports,45.99,1850 Spohn Road,14604,NY,Mini Cordless Vacuum Cleaner,6/2/2026
839,Teddie,Jonk,tjonkna@nyu.edu,maestro,676293302838714486,Garden,49.99,355 Russell Drive,15274,PA,Car Emergency Kit,4/7/2026
840,Angelina,Scopyn,ascopynnb@amazon.com,diners-club-international,36426172802972,Kids,19.99,92446 Oak Plaza,15286,PA,Children's Educational Puzzle,7/20/2026
841,Karolina,Gallop,kgallopnc@mashable.com,bankcard,5602219310078099,Industrial,24.99,28929 Tennyson Point,80243,CO,Pocket Blanket,7/5/2026
842,Charleen,Siaskowski,csiaskowskind@ft.com,instapayment,6390705468769749,Grocery,18.99,35 Graceland Circle,41905,KY,Collapsible Storage Crates,3/12/2026
843,Rodrigo,Rosten,rrostenne@nydailynews.com,americanexpress,346102637048940,Baby,4.49,25496 Buell Terrace,84170,UT,Organic Fruit Salad,11/15/2025
844,Leeanne,Bruhnicke,lbruhnickenf@shinystat.com,diners-club-us-ca,5523967386940065,Toys,3.99,7 Holy Cross Pass,17140,PA,Protein Pancake Mix,7/14/2026
845,Roxana,Costelloe,rcostelloeng@businesswire.com,visa,4041375680070793,Shoes,6.99,51642 Raven Street,78245,TX,Dog Waste Bag Dispenser,10/24/2025
846,Bruis,Otridge,botridgenh@mysql.com,solo,6767777644740703586,Games,44.99,7320 Division Court,32520,FL,Essential White Button-Up,6/14/2026
847,Duffie,Smidmore,dsmidmoreni@yellowbook.com,diners-club-enroute,201923285399101,Music,5.49,96366 Upham Lane,90101,CA,Organic Granola,12/3/2025
848,Susy,Daily,sdailynj@jalbum.net,diners-club-international,36091942561595,Automotive,2.29,676 School Park,92013,CA,Tuna Fish (canned),9/25/2025
849,Ursala,Guerriero,uguerrieronk@nps.gov,china-unionpay,5602216384073353639,Electronics,19.99,984 Harper Pass,32236,FL,LED Disco Ball Light,4/28/2026
850,Gillian,Byng,gbyngnl@icio.us,jcb,3540514090301004,Beauty,34.99,67188 Morningstar Plaza,21282,MD,High-Waisted Skirt,7/6/2026
851,Knox,Oglethorpe,koglethorpenm@buzzfeed.com,maestro,50189975705882216,Toys,149.99,30 Crownhardt Crossing,25705,WV,Smart Thermostat,8/4/2026
852,Elberta,Knudsen,eknudsennn@un.org,switch,6333677599376192912,Shoes,4.49,9 Lien Lane,38188,TN,Grilled Vegetable Medley,12/25/2025
853,Nathanial,Forster,nforsterno@economist.com,mastercard,5148697226876147,Music,4.99,654 Linden Alley,75074,TX,Kale Salad with Lemon Dressing,9/20/2025
854,Lorne,Uc,lucnp@google.com.br,jcb,3585472518549397,Baby,29.99,7 Schmedeman Alley,88563,TX,Plaid Flannel Shirt,1/25/2026
855,Monti,Triplow,mtriplownq@sphinn.com,jcb,3535255148751124,Health,19.99,82 High Crossing Parkway,89714,NV,Kids' Building Blocks,11/10/2025
856,Brynna,Saladin,bsaladinnr@gmpg.org,diners-club-enroute,201530399405862,Books,3.29,2761 Anthes Pass,55446,MN,Hibiscus Herbal Tea,1/27/2026
857,Marven,Levin,mlevinns@ezinearticles.com,mastercard,5007665955125226,Automotive,1.49,82385 Hanson Park,20414,DC,Organic Green Apples,10/11/2025
858,Tome,Sackett,tsackettnt@amazon.de,diners-club-enroute,201788515878699,Grocery,9.99,19491 Mcbride Pass,92030,CA,Travel Laundry Bag,5/6/2026
859,Tabor,Hall,thallnu@wisc.edu,mastercard,5100177044027617,Movies,29.99,355 Maryland Junction,20525,DC,Portable Solar Phone Charger,1/31/2026
860,Val,Hackforth,vhackforthnv@dailymotion.com,china-unionpay,561089124602341912,Sports,3.99,06234 Village Trail,15274,PA,Spicy Garlic Edamame,8/24/2026
861,Harli,Donson,hdonsonnw@hatena.ne.jp,jcb,3540789904370458,Books,1.89,0 Novick Park,65110,MO,Honeycrisp Apples,12/10/2025
862,Lotta,Garnar,lgarnarnx@dailymotion.com,americanexpress,375331773500547,Automotive,5.49,62933 Comanche Plaza,30301,GA,Frozen Berry Medley,11/6/2025
863,Armstrong,Iceton,aicetonny@smh.com.au,diners-club-enroute,201727979791436,Clothing,4.59,43133 Sundown Hill,77844,TX,Trail Mix (Deluxe),12/31/2025
864,Inesita,MacAirt,imacairtnz@etsy.com,jcb,3560860577862678,Tools,9.99,996 Rutledge Trail,37250,TN,Colorful Post-It Notes Set,11/18/2025
865,Winn,Yesinin,wyesinino0@fastcompany.com,maestro,6304096093875291437,Grocery,12.99,6967 Esker Pass,92710,CA,Honey BBQ Riblets,1/1/2026
866,Wilbur,Parkins,wparkinso1@businessweek.com,diners-club-international,36842032315999,Toys,3.49,45869 Meadow Valley Park,65810,MO,Mango Salsa,11/9/2025
867,Clyve,Burtt,cburtto2@delicious.com,diners-club-enroute,201859777528163,Jewelry,69.99,7 Mendota Lane,07104,NJ,Portable Speakers,8/19/2026
868,Iona,Gieraths,igierathso3@flavors.me,diners-club-international,36599596810969,Health,24.99,00 Reinke Alley,60652,IL,Multi-Purpose Plant Care Tool,5/5/2026
869,Serena,Ateridge,sateridgeo4@marketwatch.com,visa,4041373859248,Industrial,3.19,32075 Barnett Street,65211,MO,Sriracha Sauce,12/14/2025
870,Lonnie,Plett,lpletto5@gravatar.com,maestro,060481232972178801,Outdoors,34.99,5 Westerfield Road,66210,KS,Garden Hoses with Expandable Features,1/13/2026
871,Elvina,Rosewarne,erosewarneo6@wix.com,jcb,3531869700635337,Garden,8.49,53526 Evergreen Way,55905,MN,Marinara Parmesan Baked Ziti,4/26/2026
872,Lona,Tompkins,ltompkinso7@about.com,mastercard,5108758781541977,Automotive,19.99,8843 Sundown Park,89135,NV,LED Flashlight with Rechargeable Batteries,5/21/2026
873,Massimo,Jeandeau,mjeandeauo8@nature.com,diners-club-international,36304680739327,Grocery,4.99,28 Continental Junction,99260,WA,Cauliflower Rice Stir-Fry,7/3/2026
874,Fredrika,Bussel,fbusselo9@yale.edu,maestro,5038480434458682,Books,3.29,73011 Sutherland Court,54915,WI,Honey Mustard Dip,8/22/2026
875,Ibrahim,Thacker,ithackeroa@tinypic.com,diners-club-enroute,201675150587919,Kids,15.99,4 Monument Junction,77493,TX,Gardening Gloves,4/24/2026
876,Ethelda,Stell,estellob@who.int,maestro,676223995441336491,Industrial,3.49,04 Barby Place,80945,CO,Chickpea Snack Mix,4/7/2026
877,Ibby,MacGarrity,imacgarrityoc@google.de,bankcard,5610815188952552,Electronics,4.99,45922 2nd Pass,32314,FL,Feta Cheese,2/24/2026
878,Suzie,Weeks,sweeksod@imgur.com,solo,6767712117654962,Toys,3.99,337 Clemons Lane,79994,TX,Thai Coconut Curry Sauce,5/18/2026
879,Ole,Gladdis,ogladdisoe@jimdo.com,maestro,67635259406345078,Industrial,7.99,9257 Mariners Cove Court,32605,FL,Honey Sriracha Chicken Bites,4/7/2026
880,Cam,Pletts,cplettsof@google.es,china-unionpay,5602221737212186,Home,5.99,3 Declaration Terrace,45271,OH,Mini Meatballs,10/1/2025
881,Adler,Kenefick,akenefickog@huffingtonpost.com,jcb,3585833475060944,Toys,2.99,03971 Surrey Trail,93005,CA,Basil Lemonade,10/2/2025
882,Moselle,Dyers,mdyersoh@opensource.org,diners-club-enroute,201531438927437,Sports,2.29,715 Eggendart Street,33330,FL,Chocolate Mint Cookies,3/21/2026
883,Regan,Zywicki,rzywickioi@histats.com,switch,675912635490197141,Baby,29.99,0212 Melvin Junction,02453,MA,Smartphone Tripod,9/3/2025
884,Katuscha,Pollitt,kpollittoj@flickr.com,solo,6767592062671122523,Industrial,19.99,8719 Vera Street,55905,MN,Smart Plug,7/15/2026
885,Randal,McCoughan,rmccoughanok@stanford.edu,americanexpress,337941620561356,Movies,9.99,521 Hoffman Point,89160,NV,Lemon Herb Grilled Chicken,3/10/2026
886,Burtie,Gallehawk,bgallehawkol@example.com,switch,633338810765604585,Kids,1.49,4070 Washington Pass,43284,OH,Cucumber Lime Sparkling Water,7/26/2026
887,Corly,Shurmore,cshurmoreom@wikimedia.org,visa,4041597822956,Games,1.49,81894 Briar Crest Circle,79116,TX,Cucumber Lime Sparkling Water,11/23/2025
888,Christye,Birtonshaw,cbirtonshawon@toplist.cz,china-unionpay,5602212204721205,Automotive,12.99,240 Glacier Hill Park,11024,NY,Pet Grooming Glove,4/11/2026
889,Maegan,Birtle,mbirtleoo@google.es,maestro,5020833029048644889,Garden,12.99,1 Lotheville Court,43226,OH,High-Speed HDMI Cable,9/25/2025
890,Horacio,Giacomi,hgiacomiop@pagesperso-orange.fr,solo,676718493659500760,Grocery,4.99,0760 Laurel Pass,29625,SC,Greek Feta Cheese,6/30/2026
891,Josephina,Rosenfelder,jrosenfelderoq@alexa.com,maestro,630498668297749159,Outdoors,399.99,25259 Meadow Valley Avenue,46207,IN,Portable Solar Generator,10/20/2025
892,Bartholomeo,Vynarde,bvynardeor@addtoany.com,diners-club-enroute,201936596064099,Industrial,3.39,95 Starling Place,27635,NC,Cucumber Relish,8/19/2026
893,Mannie,Gallear,mgallearos@npr.org,visa,4017956348254,Toys,12.99,36 Alpine Circle,13205,NY,Non-Slip Yoga Socks,11/13/2025
894,Eulalie,Wooles,ewoolesot@opera.com,diners-club-us-ca,5521511216601760,Garden,7.99,83 Steensland Park,20436,DC,Pumpkin Spice Coffee,12/21/2025
895,Maximilianus,Giercke,mgierckeou@jigsy.com,jcb,3580502907971656,Games,6.49,8843 Pankratz Street,63110,MO,Pecan Nuts,11/16/2025
896,Konrad,Mintoft,kmintoftov@php.net,jcb,3547134718636054,Health,15.49,8 Knutson Parkway,48076,MI,Smartphone Stand,7/16/2026
897,Karola,Ilsley,kilsleyow@foxnews.com,switch,5641822682079778,Home,69.99,7452 Fuller Plaza,78296,TX,Waterproof Rain Boots,10/4/2025
898,Daniela,Riby,dribyox@nature.com,americanexpress,374622366224680,Games,12.99,6 Autumn Leaf Center,31217,GA,Compact Umbrella,2/14/2026
899,Theresina,Clint,tclintoy@phoca.cz,diners-club-enroute,201646907487554,Industrial,25.99,908 Basil Avenue,63196,MO,Patterned Knit Scarf,10/17/2025
900,Bail,Liddon,bliddonoz@icio.us,maestro,50386416545833615,Jewelry,49.99,1945 Duke Court,98687,WA,Workstation Laptop Stand,4/9/2026
901,Nolan,Merrington,nmerringtonp0@domainmarket.com,diners-club-enroute,201907011366732,Computers,24.99,194 Lunder Hill,44111,OH,Outdoor String Lights,12/24/2025
902,Bee,Bulford,bbulfordp1@dedecms.com,mastercard,5010122173637942,Toys,99.99,95 Westridge Center,93386,CA,Puffer Winter Coat,8/15/2026
903,Vaughan,Bowdidge,vbowdidgep2@mlb.com,china-unionpay,560221658662158428,Clothing,5.49,03 Truax Park,23551,VA,Asian Stir-Fry Kit,6/3/2026
904,Andree,Petrulis,apetrulisp3@tinypic.com,switch,6331108872391576,Music,49.99,49474 Judy Center,78210,TX,Streaming Device,7/4/2026
905,Hamel,Severns,hsevernsp4@google.co.jp,diners-club-international,36938640261946,Health,129.99,6 Mifflin Place,02163,MA,Kids' Educational Tablet,9/11/2025
906,Marylynne,Newitt,mnewittp5@hugedomains.com,solo,6334916451179601,Outdoors,24.99,390 Bobwhite Parkway,94263,CA,Inspirational Wall Art,12/5/2025
907,Maisey,Buckthorpe,mbuckthorpep6@simplemachines.org,maestro,502097333642111078,Garden,5.29,5444 Jenifer Way,80328,CO,Ginger Turmeric Latte Mix,6/28/2026
908,Margarethe,Farrier,mfarrierp7@nytimes.com,diners-club-international,36341018330809,Toys,14.99,380 Montana Avenue,46862,IN,Sketchbook,10/5/2025
909,Pennie,Van Der Walt,pvanderwaltp8@google.es,switch,6331102464931538217,Health,29.99,02819 Upham Junction,46620,IN,Crafting Kit,3/17/2026
910,Jean,Cartmer,jcartmerp9@wufoo.com,mastercard,5108754634069720,Automotive,89.99,45 Ryan Court,30343,GA,Adjustable Height Standing Desk Converter,5/30/2026
911,Taryn,Sawyer,tsawyerpa@salon.com,instapayment,6373963210216607,Sports,1.99,59802 Division Center,34629,FL,Peach Fruit Cups,1/19/2026
912,Boniface,Dobrovolny,bdobrovolnypb@newsvine.com,instapayment,6399787877367282,Beauty,39.99,91 Kropf Pass,19725,DE,Lightweight Travel Backpack,2/16/2026
913,Moe,McLay,mmclaypc@bloomberg.com,diners-club-us-ca,5493165049512183,Home,29.99,1833 Cordelia Avenue,32627,FL,Smartphone Photography Tripod,5/13/2026
914,Beverley,Gilogly,bgiloglypd@trellian.com,instapayment,6375897400923846,Automotive,2.49,10 Sheridan Way,91125,CA,Coconut Milk,5/18/2026
915,Virgina,Smaleman,vsmalemanpe@globo.com,diners-club-international,36208965343491,Clothing,2.49,88 Knutson Park,38181,TN,Nutty Granola Clusters,1/25/2026
916,Bibby,Redwing,bredwingpf@guardian.co.uk,diners-club-international,36271383377350,Movies,10.99,9444 Holy Cross Lane,94064,CA,Pork Tenderloin,3/29/2026
917,Maure,Goldsack,mgoldsackpg@sogou.com,mastercard,5002353766064653,Sports,109.99,8232 Emmet Terrace,33710,FL,Wireless Security Camera,10/29/2025
918,Giacomo,Blue,gblueph@ow.ly,switch,4936567057466143035,Baby,79.99,42384 Schurz Point,11447,NY,Lightweight Rain Jacket,9/6/2025
919,Eustace,Winram,ewinrampi@clickbank.net,jcb,3556719735023621,Toys,8.49,61590 Katie Circle,77050,TX,Honey Garlic Shrimp,3/9/2026
920,Annadiane,Shannahan,ashannahanpj@rakuten.co.jp,americanexpress,372301566648210,Movies,22.99,7490 Stang Hill,34108,FL,Eco-Friendly Disposable Plates,4/27/2026
921,Maiga,Birkett,mbirkettpk@java.com,china-unionpay,5610380356736535,Games,14.99,841 Crescent Oaks Point,64144,MO,Breathable Face Mask Set,6/21/2026
922,Greggory,Bucktharp,gbucktharppl@huffingtonpost.com,diners-club-international,36991416125720,Games,5.99,2668 Cascade Terrace,10155,NY,Green Smoothie Mix,12/10/2025
923,Morly,Martensen,mmartensenpm@java.com,diners-club-international,36080260688023,Home,29.99,24 Valley Edge Park,34629,FL,Chopping Board,9/5/2025
924,Kathryn,Kruszelnicki,kkruszelnickipn@flavors.me,diners-club-enroute,201855949130722,Sports,1.99,8417 Dixon Way,66215,KS,Almond Butter Crunch Bar,10/27/2025
925,Cyrillus,Gerriet,cgerrietpo@squidoo.com,mastercard,5100134737748454,Computers,24.99,211 Rockefeller Plaza,35810,AL,Wooden Blocks,7/9/2026
926,Gal,Furmagier,gfurmagierpp@lycos.com,visa,4017953013279743,Shoes,22.99,7 Monica Pass,20260,DC,Herb Drying Rack,11/10/2025
927,Carny,Gingold,cgingoldpq@webs.com,maestro,6304303654469376,Industrial,2.99,71 Hallows Point,33134,FL,Smoked Paprika,1/10/2026
928,Kennith,Wittleton,kwittletonpr@amazon.com,instapayment,6393577248530254,Toys,49.99,0 Dovetail Crossing,37450,TN,Cotton Pajama Set,6/19/2026
929,Agnella,Bamell,abamellps@imageshack.us,diners-club-international,36197626507893,Computers,4.49,75039 Fallview Point,94975,CA,Zesty Garlic Marinade,9/21/2025
930,Abram,Arpe,aarpept@indiegogo.com,visa,4788431281753,Games,249.99,7611 Artisan Place,99252,WA,Compact Digital Camera,5/1/2026
931,Vinnie,Coady,vcoadypu@weather.com,mastercard,5100136438254104,Kids,3.29,2 Upham Crossing,78245,TX,Vegetable Stir Fry Mix,4/24/2026
932,Sammie,Stopford,sstopfordpv@europa.eu,maestro,67631385825388854,Grocery,5.49,963 Clyde Gallagher Hill,73129,OK,Herbed Goat Cheese,7/3/2026
933,Dacey,Le-Good,dlegoodpw@dmoz.org,diners-club-us-ca,5400402795733339,Books,14.99,44647 Fuller Point,34205,FL,Portable Phone Mug Holder,9/5/2025
934,Antonetta,Lycett,alycettpx@jiathis.com,jcb,3588850025337702,Beauty,29.99,6 Ruskin Point,71130,LA,Portable Solar Phone Charger,11/12/2025
935,Emmalee,Shawyers,eshawyerspy@irs.gov,switch,6759743166667902,Baby,6.49,90 Kinsman Pass,33175,FL,Savory Breakfast Sausage,5/17/2026
936,Joshuah,Flintoft,jflintoftpz@cornell.edu,switch,490332364751944218,Shoes,9.99,19 Springs Park,78296,TX,Baby Safety Corner Guards,1/5/2026
937,Misty,Gullis,mgullisq0@wp.com,instapayment,6399440722120569,Shoes,3.99,5999 West Pass,71307,LA,Ginger Turmeric Shots,5/12/2026
938,Damara,Tarling,dtarlingq1@zimbio.com,diners-club-us-ca,5560567355824854,Music,2.29,4 Portage Court,87505,NM,Egg Noodles,12/8/2025
939,Tamiko,Askaw,taskawq2@google.cn,solo,676753758950762384,Automotive,129.99,9 Spaight Terrace,35290,AL,Kids Tablet,4/1/2026
940,Maiga,Kmicicki,mkmicickiq3@bloglines.com,diners-club-international,36021539261473,Jewelry,4.79,048 Michigan Avenue,35815,AL,Vegan chocolate chip cookies,5/24/2026
941,Zoe,Huntress,zhuntressq4@boston.com,instapayment,6397182113611234,Toys,8.49,11 Luster Alley,87121,NM,Marinara Parmesan Baked Ziti,4/6/2026
942,Cole,Malpass,cmalpassq5@yolasite.com,diners-club-international,36846008261186,Music,29.99,5 Bayside Point,89178,NV,Chopping Board,11/5/2025
943,Beau,Burnand,bburnandq6@flickr.com,china-unionpay,561013997519770112,Kids,4.99,694 Rowland Alley,55108,MN,Vegetarian Stuffed Peppers,7/19/2026
944,Karalee,Ladon,kladonq7@washingtonpost.com,bankcard,5602252921193759,Toys,29.99,54638 Lunder Avenue,72905,AR,Travel Beach Blanket,5/4/2026
945,Sanford,Hurdis,shurdisq8@imageshack.us,solo,6767283988676005,Automotive,9.99,70 Arkansas Court,43210,OH,Lemon Dill Chicken Skewers,7/28/2026
946,Gipsy,Lawler,glawlerq9@github.com,china-unionpay,56022468961511495,Jewelry,54.99,438 Dovetail Plaza,77255,TX,Slim Fit Chinos,1/10/2026
947,Sayres,Cremins,screminsqa@globo.com,china-unionpay,5602241993470898,Toys,3.99,39082 Lyons Way,23228,VA,Free-Range Eggs,10/19/2025
948,Feodor,Wurz,fwurzqb@epa.gov,solo,6767028536501935927,Books,14.99,322 Crest Line Court,10079,NY,Breathable Face Mask Set,6/7/2026
949,Aprilette,Bodega,abodegaqc@etsy.com,diners-club-enroute,201732773806588,Sports,2.99,1230 Main Junction,33625,FL,Coconut Lime Rice,6/24/2026
950,Kendrick,Frisel,kfriselqd@blinklist.com,jcb,3573241709473566,Music,5.49,8570 Summit Terrace,33625,FL,Sliced Turkey Breast,4/20/2026
951,Willem,Bradbury,wbradburyqe@wix.com,china-unionpay,560225522757553198,Shoes,199.99,4175 Mitchell Way,46805,IN,Smart Air Purifier,10/26/2025
952,Gauthier,Kiddell,gkiddellqf@google.de,instapayment,6394164963017020,Outdoors,3.99,1204 Fairfield Point,23225,VA,Craft Beer Mustard,4/14/2026
953,Mendy,Tacker,mtackerqg@domainmarket.com,diners-club-enroute,201470616244200,Kids,3.99,768 Porter Hill,55448,MN,Natural Fruit Snacks,8/16/2026
954,Galvin,Matelaitis,gmatelaitisqh@disqus.com,switch,493680752074621681,Home,2.99,5 Nancy Lane,45233,OH,Frozen Hash Browns,7/27/2026
955,Nils,Seiler,nseilerqi@statcounter.com,americanexpress,337941448242734,Health,39.99,32 Macpherson Way,27110,NC,Ceramic Planter Set,7/21/2026
956,Marchall,McElhargy,mmcelhargyqj@weibo.com,maestro,5018416512603561,Home,49.99,77975 Del Sol Trail,46862,IN,Classic Slim Fit Shirt,11/13/2025
957,Mufi,Lazonby,mlazonbyqk@fda.gov,jcb,3588455087817268,Automotive,24.99,02652 Chinook Lane,78737,TX,Insulated Lunch Box,10/17/2025
958,Enrica,Fuller,efullerql@java.com,switch,4903552025647629,Health,5.99,37224 Hovde Lane,22093,VA,Frozen Mixed Berries,6/18/2026
959,Marcelle,McCafferky,mmccafferkyqm@examiner.com,diners-club-international,36289754074166,Electronics,1.99,76734 Corscot Park,33462,FL,Sparkling Blood Orange Soda,12/15/2025
960,Bunnie,Romei,bromeiqn@ehow.com,diners-club-international,36231644917022,Music,5.99,622 Westport Way,19886,DE,Pet Training Clicker,4/8/2026
961,Evvie,Benallack,ebenallackqo@imageshack.us,americanexpress,374622979678678,Computers,79.99,0 Schurz Road,16522,PA,Foot Massager,2/27/2026
962,Tatiania,Stable,tstableqp@people.com.cn,bankcard,5602227863236204,Toys,19.99,2 Shopko Street,62794,IL,Warm Knit Beanie,5/10/2026
963,Lu,Breming,lbremingqq@youku.com,bankcard,5602249483747964,Industrial,2.49,308 Lotheville Crossing,36125,AL,Creamy Ranch Dressing,7/31/2026
964,Elspeth,Endersby,eendersbyqr@ezinearticles.com,solo,6767450978880562,Shoes,14.99,55745 Maple Court,07208,NJ,USB Desk Fan,6/18/2026
965,Elmer,Costock,ecostockqs@mail.ru,diners-club-us-ca,5500201018032647,Games,3.39,58395 Homewood Way,02283,MA,Honey-Balsamic Vinaigrette,10/5/2025
966,Donal,Dudek,ddudekqt@paginegialle.it,diners-club-enroute,201573822674480,Garden,8.99,2 Center Alley,61651,IL,Garlic Herb Grilled Chicken,11/30/2025
967,Gerry,Petracchi,gpetracchiqu@webmd.com,bankcard,5602215881094713,Health,3.49,098 Harper Park,48258,MI,Sweet BBQ Dipping Sauce,9/2/2025
968,Nadia,Bagnal,nbagnalqv@behance.net,mastercard,5563978005395863,Garden,39.99,14 Farmco Center,61825,IL,USB-C Hub,6/3/2026
969,Fayette,Arnau,farnauqw@time.com,china-unionpay,5602234884293096940,Beauty,22.99,36570 Spenser Road,78255,TX,Children's Garden Tool Set,3/12/2026
970,Ki,Evangelinos,kevangelinosqx@washingtonpost.com,mastercard,5108750804098739,Movies,59.99,0 Marcy Plaza,90025,CA,Two-Tone Windbreaker,1/3/2026
971,Sheeree,Rothwell,srothwellqy@google.com.au,diners-club-us-ca,5541297036326368,Books,4.99,8 Buhler Road,95128,CA,Classic Cheesecake Mix,7/20/2026
972,Tarah,Bruntje,tbruntjeqz@si.edu,diners-club-enroute,201803941457750,Sports,12.99,4 5th Lane,35210,AL,Yoga Strap,4/3/2026
973,Yul,Burnsyde,yburnsyder0@reference.com,visa,4041597200369,Books,4.29,35 Reinke Center,48224,MI,Natural Peanut Butter,5/12/2026
974,Violet,Elfitt,velfittr1@weather.com,maestro,0604829924967140129,Sports,2.49,53197 International Terrace,92805,CA,Chocolate Chip Cookie Mix,6/2/2026
975,Tobe,Smidmore,tsmidmorer2@w3.org,bankcard,5602254809127230,Baby,4.99,8 Graedel Hill,32092,FL,Thai Peanut Noodles,10/31/2025
976,Elladine,Sphinxe,esphinxer3@gnu.org,diners-club-us-ca,5580028487259457,Grocery,6.29,360 Toban Street,92165,CA,Grilled Veggie Burgers,12/14/2025
977,Casie,Varnham,cvarnhamr4@yahoo.com,solo,6767432659506801710,Garden,3.49,98912 Bashford Point,14205,NY,Black Bean Soup,4/14/2026
978,Christian,Kyteley,ckyteleyr5@studiopress.com,solo,676729056605784619,Industrial,19.99,125 Hovde Terrace,51110,IA,Stainless Steel Travel Mug,1/10/2026
979,Wake,Kemmey,wkemmeyr6@de.vu,americanexpress,374622108805101,Garden,39.99,0 Upham Center,75210,TX,Cordless Electric Screwdriver,1/16/2026
980,Jamal,McKomb,jmckombr7@reverbnation.com,maestro,5893426443591918,Electronics,99.99,41 Coleman Point,30919,GA,Mini Projector for Smartphones,3/3/2026
981,Calli,Sambeck,csambeckr8@quantcast.com,diners-club-enroute,201448357288594,Jewelry,3.59,0584 Vahlen Center,27710,NC,Taro Chips,11/14/2025
982,Grazia,Hartus,ghartusr9@kickstarter.com,jcb,3543419122549496,Music,14.99,444 Elka Way,80945,CO,Winter Knit Beanie,11/20/2025
983,Evangelina,Kundert,ekundertra@livejournal.com,bankcard,5602250789071067,Jewelry,14.99,8414 Fieldstone Drive,94154,CA,Kids' Activity Book,5/13/2026
984,Edwin,Cardenas,ecardenasrb@nationalgeographic.com,mastercard,5416490271186454,Books,12.99,91 Lake View Plaza,20010,DC,Car Trash Can,4/28/2026
985,Van,Pascho,vpaschorc@gmpg.org,americanexpress,374288868761312,Baby,7.99,62521 Kennedy Place,84140,UT,Herbed Chicken Breast,12/2/2025
986,Romonda,Sleit,rsleitrd@bigcartel.com,americanexpress,337941254447716,Clothing,19.99,5 Troy Plaza,36605,AL,Reflective Safety Vest,4/17/2026
987,Constanta,Walsom,cwalsomre@hugedomains.com,americanexpress,372301218623678,Grocery,19.99,0 Jana Road,20530,DC,Reusable Silicone Food Storage Bags,8/7/2026
988,Godfree,Toffalo,gtoffalorf@aboutads.info,diners-club-international,36278509000451,Home,29.99,22 Reinke Crossing,33647,FL,Compost Bin,8/29/2026
989,Johannes,Ibbott,jibbottrg@guardian.co.uk,diners-club-us-ca,5548254793045783,Beauty,5.99,63 Southridge Road,14225,NY,Mini Meatballs,10/20/2025
990,Pablo,Sowray,psowrayrh@whitehouse.gov,mastercard,5233914465246726,Tools,4.29,995 Everett Hill,10557,NY,Spinach Feta Wraps,2/23/2026
991,Siffre,Scrowston,sscrowstonri@dagondesign.com,diners-club-enroute,201991454947083,Industrial,49.99,5 Vera Lane,92705,CA,Trackpad for Laptop,4/10/2026
992,Claybourne,Spoward,cspowardrj@pinterest.com,diners-club-enroute,201498596016611,Jewelry,2.49,6514 Maple Wood Road,77035,TX,Thyme,7/31/2026
993,Humfrey,Scarr,hscarrrk@thetimes.co.uk,americanexpress,374283060295979,Automotive,5.99,3605 Rigney Point,83705,ID,Almond Flour,8/13/2026
994,Lind,Rickson,lricksonrl@xrea.com,mastercard,5100173978179110,Computers,3.99,2939 Havey Lane,90030,CA,Mango Chutney,5/1/2026
995,Charin,Sibley,csibleyrm@microsoft.com,jcb,3536769372530995,Electronics,169.99,92762 Hansons Pass,20337,DC,Smart Thermostat with Wi-Fi,2/8/2026
996,Kit,Byne,kbynern@lulu.com,jcb,3531369734052245,Garden,7.99,19368 Rigney Road,61640,IL,Classic Beef Chili,9/29/2025
997,Trenna,Pirt,tpirtro@storify.com,jcb,3529165602242544,Automotive,6.49,73204 Golf View Court,30130,GA,Kale and Quinoa Salad,11/11/2025
998,Delano,Biasi,dbiasirp@topsy.com,jcb,3569716066707959,Baby,3.79,099 Riverside Road,33543,FL,Dried Apricots,7/2/2026
999,Tiffanie,Milburne,tmilburnerq@cornell.edu,bankcard,5602228692066440,Home,24.99,5 Nobel Crossing,20067,DC,Wireless Charger,5/18/2026
1000,Adorne,Kleinsmuntz,akleinsmuntzrr@virginia.edu,jcb,3539067004264076,Books,8.99,1 Brentwood Street,13205,NY,Set of Herb Garden Markers,10/23/2025
